,ID,smiles,SOL,SOL_Class
0,1,CCCCC,-3.18,SOL_classification
1,2,C1CCCC1,-2.64,SOL_classification
2,3,CCCCCC,-3.84,SOL_classification
3,4,CCCC(C)C,-3.74,SOL_classification
4,5,CCC(C)CC,-3.68,SOL_classification
5,6,CCC(C)(C)C,-3.55,SOL_classification
6,7,C1CCCCC1,-3.1,SOL_classification
7,8,C1CCCC1C,-3.3,SOL_classification
8,9,CCCCCCC,-4.53,SOL_classification
9,10,CC(C)CC(C)C,-4.26,SOL_classification
10,11,C1CCCCC1C,-3.85,SOL_classification
11,12,CCCCCCCC,-5.24,SOL_classification
12,13,C1CCCCCC1,-3.52,SOL_classification
13,14,C1CCCCCCC1,-4.15,SOL_classification
14,15,CCCC=C,-2.68,SOL_classification
15,16,CCC=CC,-2.54,SOL_classification
16,17,C1CC=CC1,-2.1,SOL_classification
17,18,CCCCC=C,-3.23,SOL_classification
18,19,CC(C)CC=C,-3.24,SOL_classification
19,20,C1CC=CCC1,-2.59,SOL_classification
20,21,CCCCC=CC,-3.82,SOL_classification
21,22,C1CC=C(C)CC1,-3.27,SOL_classification
22,23,CCCCCCC=C,-4.44,SOL_classification
23,24,CCCCCCCC=C,-5.05,SOL_classification
24,25,C=CCC=C,-2.09,SOL_classification
25,26,C=CCCC=C,-2.68,SOL_classification
26,27,C=C(C)C=C,-2.03,SOL_classification
27,28,C=CC=C,-1.87,SOL_classification
28,29,C1C=CCC=C1,-1.97,SOL_classification
29,30,C1=CC=CC=CC1,-2.15,SOL_classification
30,31,C(=CCC(C(=C)C)C1)(C1)C,-4.0,SOL_classification
31,32,CCCC#C,-1.64,SOL_classification
32,33,CCCCC#C,-2.36,SOL_classification
33,34,CCCCCC#C,-3.01,SOL_classification
34,35,CCCCCCC#C,-3.66,SOL_classification
35,36,CCCCCCCC#C,-4.24,SOL_classification
36,37,c1ccccc1,-1.64,SOL_classification
37,38,c1ccccc1C,-2.21,SOL_classification
38,39,c1cccc(C)c1C,-2.8,SOL_classification
39,40,c1ccccc1CC,-2.77,SOL_classification
40,41,c1cc(C)ccc1C,-2.77,SOL_classification
41,42,c1ccc(C)cc1C,-2.82,SOL_classification
42,43,c1ccccc1CCC,-3.37,SOL_classification
43,44,c1cc(C)cc(C)c1C,-3.31,SOL_classification
44,45,c1c(C)cc(C)cc1C,-3.4,SOL_classification
45,46,c1ccc(C)c(C)c1C,-3.2,SOL_classification
46,47,c1cccc(C)c1CC,-3.21,SOL_classification
47,48,c1cc(C)ccc1CC,-3.11,SOL_classification
48,49,c1ccccc1C(C)C,-3.27,SOL_classification
49,50,c(c(ccc1)CC2)(c1)C2,-3.04,SOL_classification
50,51,c1ccccc1CCCC,-4.06,SOL_classification
51,52,c1cc(CC)ccc1CC,-3.75,SOL_classification
52,53,c1cc(C)ccc1C(C)C,-3.77,SOL_classification
53,54,c1ccccc1C(C)(C)C,-3.66,SOL_classification
54,55,c1ccccc1CC(C)C,-4.12,SOL_classification
55,56,c1ccccc1C(C)CC,-3.89,SOL_classification
56,57,c1c(C)c(C)c(C)c(C)c1C,-4.0,SOL_classification
57,58,c1ccccc1CCCCC,-4.64,SOL_classification
58,59,c1ccccc1C(CC)(C)C,-4.15,SOL_classification
59,60,c1ccccc1CCCCCC,-5.21,SOL_classification
60,61,c1ccccc1C=C,-2.82,SOL_classification
61,62,c1ccccc1c2ccccc2,-4.31,SOL_classification
62,63,c1ccccc1Cc2ccccc2,-4.17,SOL_classification
63,64,c(c(c(c1ccc2)c2)ccc3)(c3)C1,-4.91,SOL_classification
64,65,c1ccccc1CCc2ccccc2,-4.62,SOL_classification
65,66,c1ccc2c3ccccc3Cc2c1C,-5.22,SOL_classification
66,67,c1ccc2ccccc2c1,-3.6,SOL_classification
67,68,Cc1ccc2ccccc2c1,-3.77,SOL_classification
68,69,c1ccc2ccccc2c1C,-3.7,SOL_classification
69,70,c1ccc2ccccc2c1CC,-4.17,SOL_classification
70,71,CCc1ccc2ccccc2c1,-4.29,SOL_classification
71,72,c1ccc2c(C)cccc2c1C,-4.74,SOL_classification
72,73,Cc1c(C)cc2ccccc2c1,-4.72,SOL_classification
73,74,c1ccc2cccc3c2c1C=C3,-3.96,SOL_classification
74,75,c1c(C)cc2ccccc2c1C,-4.29,SOL_classification
75,76,c1cc(C)c2ccccc2c1C,-4.14,SOL_classification
76,77,Cc1ccc2cc(C)ccc2c1,-4.89,SOL_classification
77,78,c1ccc2cccc3c2c1CC3,-4.63,SOL_classification
78,79,c1cc(C)c2c(C)cccc2c1C,-4.92,SOL_classification
79,80,c(c(ccc1)cc(c2ccc3)c3)(c1)c2,-6.35,SOL_classification
80,81,c(c(c(c(c1)ccc2)c2)ccc3)(c1)c3,-5.26,SOL_classification
81,82,c(c(c(c(c1ccc2)c2)C)ccc3)(c3)c1,-5.89,SOL_classification
82,83,Cc1cc2cc3ccccc3cc2cc1,-6.96,SOL_classification
83,84,c(c(c(cc1)ccc2)c2cc3)(c1ccc4)c34,-6.19,SOL_classification
84,85,Cc2c1ccccc1c(C)c3ccccc23,-6.57,SOL_classification
85,86,c(c(ccc1)ccc2)(c1c(c3ccc4)c4)c23,-6.0,SOL_classification
86,87,c1c(CC3)c2c(C3)ccc(CC4)c2c(C4)c1,-5.96,SOL_classification
87,88,C3c1ccccc1c4ccc2ccccc2c34,-6.68,SOL_classification
88,89,c1ccc2c3cc4ccccc4cc3Cc2c1,-8.04,SOL_classification
89,90,c(c(cc(c1ccc2)c2)cc(c3ccc4)c4)(c1)c3,-8.6,SOL_classification
90,91,c1ccc2c3ccccc3c4ccccc4c2c1,-6.74,SOL_classification
91,92,c(c(c(cc1)ccc2)c2cc3)(c3cc(c4ccc5)c5)c14,-8.19,SOL_classification
92,93,c(c(c(c(c1)ccc2)c2)c(c(c3ccc4)c4)C)(c3C)c1,-7.02,SOL_classification
93,94,c1ccc2c(c1)c4cccc5ccc3cccc2c3c45,-7.8,SOL_classification
94,95,c1ccc2ccc3c4ccccc4ccc3c2c1,-8.06,SOL_classification
95,96,c(c(ccc1)ccc2)(c1c(c(c(cc3)ccc4)c45)c3)c25,-8.8,SOL_classification
96,97,c16cccc2ccc3ccc4ccc5cccc6c5c4c3c12,-9.03,SOL_classification
97,98,n(H)(c(c(c1cccc2)ccc3)c3)c12,-4.97,SOL_classification
98,99,s(c(c(c1cccc2)ccc3)c3)c12,-4.38,SOL_classification
99,100,c1ccc2ccc3nccnc3c2c1,-2.68,SOL_classification
100,101,c1ccc4c(c1)ccc5c3ccc2ccccc2c3n(H)c45,-7.42,SOL_classification
101,104,Nc3ccc2cc1ccccc1cc2c3,-5.17,SOL_classification
102,105,Nc3cc2c1ccccc1ccc2c4ccccc34,-6.2,SOL_classification
103,106,c1cc2cc3cc(CC)ccc3cc2cc1,-6.89,SOL_classification
104,107,c12ccccc1cc3c4ccccc4c5c3c2ccc5,-8.23,SOL_classification
105,108,c1ccc4c(c1)ccc5c2cccc3cccc(c23)c45,-8.0,SOL_classification
106,109,c2ccc1cc3c(cc1c2)c4cccc5cccc3c45,-8.49,SOL_classification
107,110,c(c(ccc1C)cc(c2ccc3cccc4)c34)(c1CC5)c25,-7.92,SOL_classification
108,111,c(c(c(c(c1)ccc2)c2)cc(c3c(c(c4)ccc5)c5)c4)(c1)c3,-8.66,SOL_classification
109,112,CI,-1.0,SOL_classification
110,113,ClCCl,-0.63,SOL_classification
111,114,BrCCl,-0.89,SOL_classification
112,115,BrCBr,-1.17,SOL_classification
113,116,ClC(Cl)Cl,-1.17,SOL_classification
114,117,ClC(Br)Cl,-1.54,SOL_classification
115,118,ClC(Br)Br,-1.9,SOL_classification
116,119,BrC(Br)Br,-1.91,SOL_classification
117,120,ClC(Cl)(Cl)Cl,-2.31,SOL_classification
118,121,BrC(Br)(Br)Br,-3.14,SOL_classification
119,122,CCBr,-1.09,SOL_classification
120,123,CCI,-1.6,SOL_classification
121,124,ClC(Cl)C,-1.29,SOL_classification
122,125,ClCCCl,-1.06,SOL_classification
123,126,ClCCBr,-1.32,SOL_classification
124,127,BrCCBr,-1.68,SOL_classification
125,128,ClC(Cl)(Cl)C,-2.0,SOL_classification
126,129,ClC(Cl)CCl,-1.48,SOL_classification
127,130,ClC(Cl)C(Cl)Cl,-1.74,SOL_classification
128,131,ClC(Cl)(Cl)CCl,-2.18,SOL_classification
129,132,ClC(Cl)(Cl)C(Cl)Cl,-2.6,SOL_classification
130,133,ClC(Cl)(F)C(F)(F)Cl,-3.04,SOL_classification
131,134,ClC(Cl)(Cl)C(Cl)(Cl)Cl,-3.67,SOL_classification
132,135,CCCCl,-1.47,SOL_classification
133,136,CC(Cl)C,-1.41,SOL_classification
134,137,CCCBr,-1.73,SOL_classification
135,138,CC(Br)C,-1.59,SOL_classification
136,139,CCCI,-2.29,SOL_classification
137,140,CC(I)C,-2.09,SOL_classification
138,141,ClCCCCl,-1.62,SOL_classification
139,142,ClCC(Cl)C,-1.6,SOL_classification
140,143,BrCCCCl,-1.85,SOL_classification
141,144,BrCCCBr,-2.08,SOL_classification
142,145,BrCC(Br)C,-2.15,SOL_classification
143,146,BrCC(Br)CCl,-2.38,SOL_classification
144,147,ClCC(Cl)CCl,-1.92,SOL_classification
145,148,CCCCCl,-2.03,SOL_classification
146,149,CC(Cl)CC,-1.96,SOL_classification
147,150,BrCCCC,-2.37,SOL_classification
148,151,ICCCC,-2.96,SOL_classification
149,152,CC(C)CCl,-2.0,SOL_classification
150,153,CC(C)CBr,-2.43,SOL_classification
151,154,ClC(Cl)CCC,-2.4,SOL_classification
152,155,CC(Cl)C(Cl)C,-2.7,SOL_classification
153,156,CCCCCCl,-2.73,SOL_classification
154,157,CC(Cl)CCC,-2.63,SOL_classification
155,158,CCC(Cl)CC,-2.63,SOL_classification
156,159,CC(C)(Cl)CC,-2.51,SOL_classification
157,160,BrCCC(C)C,-2.89,SOL_classification
158,161,CC(C)(Cl)C(Cl)C,-2.69,SOL_classification
159,162,CCCCCCCl,-3.12,SOL_classification
160,163,CCCCCBr,-3.07,SOL_classification
161,164,CCCCCCBr,-3.81,SOL_classification
162,165,CCCCCCCCBr,-5.06,SOL_classification
163,166,C1CCCCC1Br,-2.3,SOL_classification
164,167,FC(F)(F)C(Cl)Br,-1.71,SOL_classification
165,168,FC(F)(C(F)(F)Cl)Cl,-3.12,SOL_classification
166,169,C(C(C(C(C1Cl)Cl)Cl)Cl)(C1Cl)Cl,-4.59,SOL_classification
167,171,CCCCCCCBr,-4.43,SOL_classification
168,172,CCCCCCCCl,-3.99,SOL_classification
169,173,CCCCCCCI,-4.81,SOL_classification
170,174,ClC(Cl)=C,-1.64,SOL_classification
171,175,ClC=CCl,-1.3,SOL_classification
172,176,BrC=CBr,-1.32,SOL_classification
173,177,IC=CI,-3.22,SOL_classification
174,178,ClC=C(Cl)Cl,-1.96,SOL_classification
175,179,ClC(Cl)=C(Cl)Cl,-2.54,SOL_classification
176,180,C=CCCl,-1.36,SOL_classification
177,181,ClC1C=CC2C1C3(Cl)C(=C(Cl)C2(Cl)C3(Cl)Cl)Cl,-6.32,SOL_classification
178,182,ClC2C1OC1C3C2C4(Cl)C(=C(Cl)C3(Cl)C4(Cl)Cl)Cl,-6.29,SOL_classification
179,183,ClC3=C(Cl)C4(Cl)C2C1CC(C=C1)C2C3(Cl)C4(Cl)Cl,-7.33,SOL_classification
180,184,ClC4=C(Cl)C5(Cl)C3C1CC(C2OC12)C3C4(Cl)C5(Cl)Cl,-6.18,SOL_classification
181,185,C=CCBr,-1.5,SOL_classification
182,186,ClC(Cl)=C(Cl)C(Cl)=C(Cl)Cl,-4.91,SOL_classification
183,187,C(=C(C(=C1Cl)Cl)Cl)(C1(Cl)Cl)Cl,-5.18,SOL_classification
184,188,ClC(=C(C=C(Cl)Cl)Cl)Cl,-4.23,SOL_classification
185,189,c1ccccc1F,-1.8,SOL_classification
186,190,c1ccccc1Cl,-2.38,SOL_classification
187,191,c1ccccc1Br,-2.55,SOL_classification
188,192,c1cc(I)ccc1F,-3.13,SOL_classification
189,193,c1cc(Cl)ccc1Cl,-3.27,SOL_classification
190,194,c1cccc(Cl)c1Cl,-3.05,SOL_classification
191,195,c1ccc(Cl)cc1Cl,-3.04,SOL_classification
192,196,c1cccc(Cl)c1Br,-3.19,SOL_classification
193,197,c1ccc(Cl)cc1Br,-3.21,SOL_classification
194,198,c1cc(Cl)ccc1Br,-3.63,SOL_classification
195,199,c1cc(Br)ccc1Br,-4.07,SOL_classification
196,200,c1cccc(Br)c1Br,-3.5,SOL_classification
197,201,c1ccc(Br)cc1Br,-3.54,SOL_classification
198,202,c1cc(Cl)cc(Cl)c1Cl,-3.59,SOL_classification
199,203,c1ccc(Cl)c(Cl)c1Cl,-4.0,SOL_classification
200,204,c1c(Cl)cc(Cl)cc1Cl,-4.48,SOL_classification
201,205,c1ccc(Br)c(Br)c1Br,-5.04,SOL_classification
202,206,c1cc(Br)cc(Br)c1Br,-4.5,SOL_classification
203,207,c1c(F)cc(F)c(F)c1F,-2.31,SOL_classification
204,208,c1c(F)c(F)cc(F)c1F,-2.38,SOL_classification
205,209,c1c(Cl)cc(Cl)c(Cl)c1Cl,-4.63,SOL_classification
206,210,c1cc(Cl)c(Cl)c(Cl)c1Cl,-4.57,SOL_classification
207,211,c1c(Cl)c(Cl)c(Cl)c(Cl)c1Cl,-5.65,SOL_classification
208,212,c1ccccc1I,-2.78,SOL_classification
209,213,c1cc(Br)ccc1C,-3.19,SOL_classification
210,214,c1cc(F)ccc1CCl,-2.54,SOL_classification
211,215,c1cc(F)ccc1F,-1.97,SOL_classification
212,216,c1ccc(F)cc1F,-2.0,SOL_classification
213,217,c1ccc(Br)cc1C,-3.52,SOL_classification
214,218,c1cccc(Cl)c1C,-3.52,SOL_classification
215,219,c1ccccc1CCl,-2.39,SOL_classification
216,220,c1cc(Cl)ccc1C,-3.08,SOL_classification
217,221,c1ccccc1c2ccc(Cl)cc2,-5.2,SOL_classification
218,222,c1ccccc1c2c(Cl)cccc2,-4.54,SOL_classification
219,223,c1ccccc1c2cc(Cl)ccc2,-4.88,SOL_classification
220,224,c1cc(Cl)ccc1c2ccc(Cl)cc2,-6.56,SOL_classification
221,225,c1cccc(Cl)c1c2c(Cl)cccc2,-5.27,SOL_classification
222,226,c1cc(Cl)ccc1c2c(Cl)cccc2,-5.28,SOL_classification
223,227,c1ccc(Cl)cc1c2cc(Cl)ccc2,-5.8,SOL_classification
224,228,c1ccccc1c2cc(Cl)c(Cl)cc2,-6.39,SOL_classification
225,229,c1ccccc1c2c(Cl)cc(Cl)cc2,-5.25,SOL_classification
226,230,c1ccccc1c2c(Cl)cccc2Cl,-5.21,SOL_classification
227,231,c1cccc(Cl)c1c2c(Cl)ccc(Cl)c2,-6.02,SOL_classification
228,232,c1ccccc1c2c(Cl)cc(Cl)c(Cl)c2,-6.27,SOL_classification
229,233,c1cc(Cl)ccc1c2c(Cl)ccc(Cl)c2,-6.25,SOL_classification
230,234,c1ccccc1c2c(Cl)cc(Cl)cc2Cl,-6.14,SOL_classification
231,235,c1ccc(Cl)cc1c2c(Cl)ccc(Cl)c2,-6.01,SOL_classification
232,236,c1cc(Cl)c(Cl)cc1c2c(Cl)cccc2,-6.29,SOL_classification
233,237,c1cc(Cl)ccc1c2c(Cl)c(Cl)ccc2,-6.26,SOL_classification
234,238,c1cc(Cl)ccc1c2c(Cl)cc(Cl)cc2,-6.21,SOL_classification
235,239,c1ccccc1c2c(Cl)c(Cl)ccc2Cl,-6.29,SOL_classification
236,240,c1ccc(Cl)c(Cl)c1c2c(Cl)c(Cl)ccc2,-7.28,SOL_classification
237,241,c1ccccc1c2c(Cl)c(Cl)c(Cl)c(Cl)c2,-7.16,SOL_classification
238,242,c1cc(Cl)c(Cl)cc1c2c(Cl)cc(Cl)cc2,-7.8,SOL_classification
239,243,c1ccc(Cl)c(Cl)c1c2c(Cl)ccc(Cl)c2,-6.47,SOL_classification
240,244,c1cc(Cl)cc(Cl)c1c2c(Cl)ccc(Cl)c2,-6.57,SOL_classification
241,245,c1c(Cl)ccc(Cl)c1c2c(Cl)ccc(Cl)c2,-7.0,SOL_classification
242,246,c1c(Cl)ccc(Cl)c1c2c(Cl)cccc2Cl,-6.8,SOL_classification
243,247,Clc1cccc(Cl)c1c2c(Cl)cccc2Cl,-7.39,SOL_classification
244,248,c1cc(Cl)c(Cl)cc1c2c(Cl)ccc(Cl)c2,-7.25,SOL_classification
245,249,c1cc(Cl)cc(Cl)c1c2c(Cl)cc(Cl)cc2,-6.51,SOL_classification
246,250,c1cc(Cl)c(Cl)cc1c2c(Cl)c(Cl)c(Cl)cc2,-7.05,SOL_classification
247,251,c1c(Cl)ccc(Cl)c1c2c(Cl)c(Cl)c(Cl)cc2,-7.91,SOL_classification
248,252,Clc1cccc(Cl)c1c2c(Cl)cc(Cl)cc2Cl,-7.32,SOL_classification
249,253,c1cc(Cl)c(Cl)cc1c2c(Cl)cc(Cl)c(Cl)c2,-7.39,SOL_classification
250,254,c1c(Cl)c(Cl)c(Cl)c(Cl)c1c2c(Cl)cccc2,-7.21,SOL_classification
251,255,Clc1cc(Cl)c(Cl)c(Cl)c1c2c(Cl)cccc2,-7.43,SOL_classification
252,256,Clc1c(Cl)c(Cl)c(Cl)c(Cl)c1c2ccccc2,-7.92,SOL_classification
253,257,c1c(Cl)c(Cl)cc(Cl)c1c2c(Cl)cc(Cl)c(Cl)c2,-8.56,SOL_classification
254,258,Clc1cc(Cl)c(Cl)cc1c2c(Cl)c(Cl)ccc2Cl,-8.65,SOL_classification
255,259,Clc1cc(Cl)c(Cl)cc1c2c(Cl)c(Cl)cc(Cl)c2,-8.6,SOL_classification
256,260,c1cc(Cl)c(Cl)c(Cl)c1c2c(Cl)cc(Cl)c(Cl)c2,-8.32,SOL_classification
257,261,c1c(Cl)ccc(Cl)c1c2c(Cl)c(Cl)c(Cl)c(Cl)c2,-7.68,SOL_classification
258,262,Clc1c(Cl)cc(Cl)c(Cl)c1c2c(Cl)ccc(Cl)c2,-7.42,SOL_classification
259,263,Clc1c(Cl)cc(Cl)cc1c2c(Cl)cc(Cl)cc2Cl,-8.71,SOL_classification
260,264,c1cc(Cl)c(Cl)cc1c2c(Cl)c(Cl)c(Cl)c(Cl)c2,-7.82,SOL_classification
261,265,c1cc(Cl)c(Cl)cc1c2c(Cl)c(Cl)c(Cl)cc2Cl,-7.66,SOL_classification
262,266,c1cc(Cl)c(Cl)c(Cl)c1c2c(Cl)c(Cl)c(Cl)cc2,-8.01,SOL_classification
263,267,c1ccc(Cl)c(Cl)c1c2c(Cl)c(Cl)c(Cl)c(Cl)c2,-8.42,SOL_classification
264,268,Clc1cc(Cl)c(Cl)c(Cl)c1c2c(Cl)cc(Cl)c(Cl)c2,-7.92,SOL_classification
265,269,c1cc(Cl)c(Cl)c(Cl)c1c2c(Cl)c(Cl)c(Cl)cc2Cl,-8.3,SOL_classification
266,270,c1c(Cl)ccc(Cl)c1c2c(Cl)c(Cl)c(Cl)c(Cl)c2Cl,-8.94,SOL_classification
267,271,Clc1c(Cl)cc(Cl)c(Cl)c1c2c(Cl)c(Cl)cc(Cl)c2Cl,-9.15,SOL_classification
268,272,c1c(Cl)c(Cl)c(Cl)c(Cl)c1c2c(Cl)c(Cl)c(Cl)c(Cl)c2,-9.16,SOL_classification
269,273,c1c(Cl)c(Cl)c(Cl)c(Cl)c1c2c(Cl)c(Cl)c(Cl)c(Cl)c2Cl,-10.26,SOL_classification
270,274,Clc1c(Cl)c(Cl)c(Cl)c(Cl)c1c2c(Cl)c(Cl)cc(Cl)c2Cl,-10.41,SOL_classification
271,275,Clc1c(Cl)c(Cl)c(Cl)c(Cl)c1c2c(Cl)c(Cl)c(Cl)c(Cl)c2Cl,-11.62,SOL_classification
272,276,ClC(Cl)C(c1ccc(Cl)cc1)c2ccc(Cl)cc2,-7.2,SOL_classification
273,277,ClC(Cl)=C(c1ccc(Cl)cc1)c2ccc(Cl)cc2,-6.9,SOL_classification
274,278,c(c(ccc1Cl)ccc2)(c2)c1,-4.14,SOL_classification
275,279,c1ccc2ccccc2c1Cl,-3.93,SOL_classification
276,280,c1ccc2ccccc2c1Br,-4.35,SOL_classification
277,281,c(c(ccc1Br)ccc2)(c2)c1,-4.4,SOL_classification
278,282,CCCCO,0.0,SOL_classification
279,283,CCC(O)C,0.43,SOL_classification
280,284,OCC(C)C,0.04,SOL_classification
281,285,CCCCCO,-0.6,SOL_classification
282,286,CCCC(O)C,-0.29,SOL_classification
283,287,CCC(O)CC,-0.24,SOL_classification
284,288,CC(O)(CC)C,0.08,SOL_classification
285,289,CCC(C)CO,-0.47,SOL_classification
286,290,OCCC(C)C,-0.52,SOL_classification
287,291,OCC(C)(C)C,-0.4,SOL_classification
288,292,OC(C(C)C)C,-0.2,SOL_classification
289,293,CCCCCCO,-1.24,SOL_classification
290,294,CCC(O)CCC,-0.8,SOL_classification
291,295,CC(O)CCCC,-0.89,SOL_classification
292,296,CC(C)C(C)CO,-0.39,SOL_classification
293,297,CCC(O)C(C)C,-0.7,SOL_classification
294,298,OC(CC(C)C)C,-0.8,SOL_classification
295,299,OC(CCC)(C)C,-0.49,SOL_classification
296,300,OCC(CCC)C,-1.11,SOL_classification
297,301,CC(C)CCCO,-1.14,SOL_classification
298,302,CCC(C)(C)CO,-1.04,SOL_classification
299,303,OCCC(C)(C)C,-0.5,SOL_classification
300,304,OCC(CC)CC,-1.17,SOL_classification
301,305,CC(O)C(C)CC,-0.72,SOL_classification
302,306,OC(C(C)(C)C)C,-0.62,SOL_classification
303,307,OC(CC)(CC)C,-0.38,SOL_classification
304,308,CC(O)(C)C(C)C,-0.41,SOL_classification
305,309,C1CCCCC1O,-0.44,SOL_classification
306,310,OCCCCCCC,-1.81,SOL_classification
307,311,OC(CCCCC)C,-1.55,SOL_classification
308,312,CCCCC(O)CC,-1.47,SOL_classification
309,313,CCCC(O)CCC,-1.4,SOL_classification
310,314,CC(O)(C)CC(C)C,-0.92,SOL_classification
311,315,OCC(C)(C)CCC,-1.52,SOL_classification
312,316,OCC(C)CC(C)C,-1.6,SOL_classification
313,317,OCCCC(C)(C)C,-1.55,SOL_classification
314,318,CC(O)CCC(C)C,-1.38,SOL_classification
315,319,CCCCC(O)(C)C,-1.08,SOL_classification
316,320,CC(C)(C)C(O)CC,-1.15,SOL_classification
317,321,CC(C)C(O)(C)CC,-1.22,SOL_classification
318,322,CCC(O)(C)CCC,-1.0,SOL_classification
319,323,CC(O)(C)C(C)CC,-0.89,SOL_classification
320,324,CC(C)C(C)(O)CC,-0.85,SOL_classification
321,325,OC(CC)(CC)CC,-0.85,SOL_classification
322,326,CC(O)(C)C(C)(C)C,-0.72,SOL_classification
323,327,OCCCCCCCC,-2.39,SOL_classification
324,328,OC(CCCCCC)C,-2.09,SOL_classification
325,329,OCC(CCCC)CC,-2.11,SOL_classification
326,330,CCCCC(C)C(C)O,-1.72,SOL_classification
327,331,CCC(C)(O)CCCC,-1.6,SOL_classification
328,332,CC(C)(C)C(O)(C)CC,-1.27,SOL_classification
329,333,CC(O)(C)CCCCC,-1.72,SOL_classification
330,334,c1ccccc1CCO,-0.74,SOL_classification
331,335,OC(c(cccc1)c1)c(cccc2)c2,-2.55,SOL_classification
332,336,OCCCCCCCCCC,-3.63,SOL_classification
333,337,OCCCCCCCCCCCC,-4.67,SOL_classification
334,338,OCCCc(cccc1)c1,-1.38,SOL_classification
335,339,OCCOc(cccc1)c1,-0.71,SOL_classification
336,340,OCCCCCCCCC,-3.01,SOL_classification
337,341,OCc(ccc(c1)C)c1,-1.2,SOL_classification
338,342,OC(CCC(C1)C)C1,-0.88,SOL_classification
339,343,c1c(Cl)c(CO)c(Cl)cc1,-2.1,SOL_classification
340,344,Oc(cccc1)c1,0.0,SOL_classification
341,345,Oc(cccc1O)c1,0.81,SOL_classification
342,346,Oc(c(O)ccc1)c1,0.62,SOL_classification
343,347,c1cc(O)ccc1O,-0.17,SOL_classification
344,348,Oc(c(ccc1)C)c1,-0.62,SOL_classification
345,349,c1ccccc1CO,-0.4,SOL_classification
346,350,c1cc(C)ccc1O,-0.7,SOL_classification
347,351,c1ccc(C)cc1O,-0.68,SOL_classification
348,352,OCc(c(O)ccc1)c1,-0.29,SOL_classification
349,353,OC(c1ccccc1)C,-0.92,SOL_classification
350,354,c1cc(C)cc(C)c1O,-1.19,SOL_classification
351,355,c1c(C)cc(C)cc1O,-1.4,SOL_classification
352,356,Oc(c(ccc1C)C(C)C)c1,-2.22,SOL_classification
353,357,Oc(ccc(c1)C(C)(C)C)c1,-2.41,SOL_classification
354,358,Oc(ccc(c(cccc1)c1)c2)c2,-3.48,SOL_classification
355,359,Oc(ccc(c1)C(c(ccc(O)c2)c2)(C)C)c1,-2.82,SOL_classification
356,360,Oc(c(c(ccc1)cc2)c1)c2,-2.22,SOL_classification
357,361,Oc(ccc(c1ccc2)c2)c1,-2.28,SOL_classification
358,362,Oc(c(c(c(O)cc1)cc2)c1)c2,-2.92,SOL_classification
359,363,Oc(c(ccc1)CC)c1,-1.36,SOL_classification
360,364,Oc(c(c(cccc1)c1)ccc2)c2,-2.39,SOL_classification
361,365,CCC=O,0.58,SOL_classification
362,366,CCCC=O,-0.01,SOL_classification
363,367,CCCCC=O,-0.85,SOL_classification
364,368,O=CCCCCC,-1.3,SOL_classification
365,369,O=CCCCCCC,-1.7,SOL_classification
366,370,O=CCCCCCCC,-2.36,SOL_classification
367,371,O=CCCCCCCCC,-3.17,SOL_classification
368,372,O=CC=C,0.57,SOL_classification
369,373,O=CC=CC,0.32,SOL_classification
370,374,O=Cc(cccc1)c1,-1.19,SOL_classification
371,375,O=Cc(ccc(OCO1)c12)c2,-1.63,SOL_classification
372,376,O=CC(OC=C1)=C1,-0.1,SOL_classification
373,377,O=C(CC)C,0.52,SOL_classification
374,378,O=C(CCC)C,-0.19,SOL_classification
375,379,O=C(CCCC)C,-0.8,SOL_classification
376,380,O=C(CC(C)C)C,-1.42,SOL_classification
377,381,O=C(CCCC1)C1,-0.6,SOL_classification
378,382,O=C(CCCCC)C,-1.42,SOL_classification
379,383,O=C(CCC)CCC,-1.3,SOL_classification
380,384,O=C(CCCCCC)C,-2.05,SOL_classification
381,385,O=C(CCCC)CCCC,-2.59,SOL_classification
382,386,O=C(CCCCCCC)C,-2.58,SOL_classification
383,387,O=C(C=C)CCC,-0.83,SOL_classification
384,388,O=C(C=C(CC1(C)C)C)C1,-1.06,SOL_classification
385,389,O=C(CCC(C)C)C,-1.33,SOL_classification
386,390,O=C(c(cccc1)c1)CC,-1.83,SOL_classification
387,391,C1(=O)C=CC(=O)C=C1,-0.99,SOL_classification
388,392,CC(=O)CC(=O)C,0.22,SOL_classification
389,393,O=C(CCCCCCCC)C,-3.31,SOL_classification
390,394,O=C(C(C(C(C(C(C(C(=CC(=O)C1)C2)(C1)C)C3)C2)C4)(C3)C)C4)C,-4.43,SOL_classification
391,395,O=C(c(cccc1)c1)C,-1.28,SOL_classification
392,396,O=C(c(cccc1)c1)c(cccc2)c2,-3.12,SOL_classification
393,397,O=C(c(c(C(=O)c1cccc2)ccc3)c3)c12,-5.19,SOL_classification
394,398,CC(=O)O,1.22,SOL_classification
395,399,OC(=O)C(=O)O,0.38,SOL_classification
396,400,CCCC(=O)O,-0.19,SOL_classification
397,401,O=C(O)CCC(=O)O,-0.2,SOL_classification
398,402,O=C(O)CCCC(=O)O,1.0,SOL_classification
399,403,O=C(O)CCCCC,-1.06,SOL_classification
400,404,O=C(O)CCCCC(=O)O,-0.82,SOL_classification
401,405,O=C(O)CCCCCCC,-2.3,SOL_classification
402,406,CCCCCCCCCC(=O)O,-3.44,SOL_classification
403,407,O=C(O)CCCCCCCCCCC,-4.62,SOL_classification
404,408,O=C(O)C(=C)C,0.01,SOL_classification
405,409,O=C(O)C=CC=CC,-1.77,SOL_classification
406,410,O=C(O)c(cccc1)c1,-1.55,SOL_classification
407,411,O=C(O)c(cccc1C)c1,-2.14,SOL_classification
408,412,c1cc(C)ccc1C(=O)O,-2.6,SOL_classification
409,413,c1cccc(C)c1C(=O)O,-2.06,SOL_classification
410,414,O=C(O)Cc(cccc1)c1,-0.89,SOL_classification
411,415,O=C(O)c(c(ccc1)C(=O)O)c1,-2.11,SOL_classification
412,416,O=C(O)C=Cc(cccc1)c1,-2.48,SOL_classification
413,417,O=C(O)CCCCCCCCCCCCCCC,-6.81,SOL_classification
414,418,O=C(O)C(O)(c(cccc1)c1)c(cccc2)c2,-2.21,SOL_classification
415,419,O=C(OC(C1C(C2(CC(O)(C3=C)CC4)C3)C(=O)O)(C24)C=CC5O)C15C,-1.84,SOL_classification
416,420,O=C(O)C(C)C,0.28,SOL_classification
417,421,O=C(O)Cc(c(c(ccc1)cc2)c1)c2,-2.65,SOL_classification
418,422,O=C(O)CC(c(c(N1(H))ccc2)c2)=C1,-2.07,SOL_classification
419,423,O=C(O)C(CC)CC,-0.81,SOL_classification
420,424,CCCC(CCC)C(O)=O,-1.86,SOL_classification
421,425,O=C(O)C(CCCC1)C1,-1.45,SOL_classification
422,426,O=C(O)C(c(cccc1)c1)c(cccc2)c2,-3.22,SOL_classification
423,427,O=C(O)COc(cccc1)c1,-1.1,SOL_classification
424,428,O=C(O)CCCCCCCCCC,-3.55,SOL_classification
425,429,O=C(O)CCCCCCCCC=C,-3.4,SOL_classification
426,430,O=C(NCC(=O)O)c(cccc1)c1,-1.68,SOL_classification
427,431,O=C(O)CCCCCCCCCCCCC,-5.33,SOL_classification
428,432,OC(=O)c1ccsc1,-1.47,SOL_classification
429,433,O=C(O)C(OC=C1)=C1,-0.48,SOL_classification
430,434,O=COC,0.58,SOL_classification
431,435,O=C(OC)C,0.52,SOL_classification
432,436,O=COCC,0.15,SOL_classification
433,437,O=C(OCC)C,-0.04,SOL_classification
434,438,O=COCCC,-0.49,SOL_classification
435,439,O=C(OC)CC,-0.14,SOL_classification
436,440,O=C(OCCC)C,-0.72,SOL_classification
437,441,O=C(OCC)CC,-0.66,SOL_classification
438,442,O=C(OC)CCC,-0.82,SOL_classification
439,443,O=COCC(C)C,-1.01,SOL_classification
440,444,O=C(OC(C)C)C,-0.55,SOL_classification
441,445,O=C(OCCCC)C,-1.24,SOL_classification
442,446,O=C(OCC)CCC,-1.28,SOL_classification
443,447,O=C(OC)CCCC,-1.36,SOL_classification
444,448,O=C(OCC(C)C)C=C,-1.21,SOL_classification
445,449,O=C(OCC)CC(=O)OCC,-0.82,SOL_classification
446,450,O=C(OCCCCC)C,-1.89,SOL_classification
447,451,O=C(OCCC)CCC,-1.92,SOL_classification
448,452,O=C(OC)CCCCC,-2.0,SOL_classification
449,453,O=C(OCC)CCCC,-1.75,SOL_classification
450,454,O=C(OCCC(C)C)C,-1.92,SOL_classification
451,455,O=C(OCCCCCC)C,-2.46,SOL_classification
452,456,O=C(OCC)CCCCC,-2.31,SOL_classification
453,457,O=C(OC)CCCCCCC,-3.39,SOL_classification
454,458,O=C(OCC)CCCCCC,-2.71,SOL_classification
455,459,O=C(OCC(OC(=O)C)COC(=O)C)C,-0.6,SOL_classification
456,460,O=C(OCC)CCCCCCC,-3.39,SOL_classification
457,461,O=C(OCC)CCCCCCCC,-3.8,SOL_classification
458,462,O=C(OCC)CCCCCCCCC,-4.1,SOL_classification
459,463,O=C(OC)C=C,-0.22,SOL_classification
460,464,O=C(OCC)C=C,-0.74,SOL_classification
461,465,O=C(OC)C(=C)C,-0.8,SOL_classification
462,466,O=C(OC)c(cccc1)c1,-1.85,SOL_classification
463,467,O=C(OCC)c(cccc1)c1,-2.32,SOL_classification
464,468,O=C(OC)c(c(ccc1)C(=O)OC)c1,-1.66,SOL_classification
465,469,O=C(OCCC)c(cccc1)c1,-2.67,SOL_classification
466,470,O=C(OCC)c(c(ccc1)C(=O)OCC)c1,-2.35,SOL_classification
467,471,O=C(OCCCC)c(c(ccc1)C(=O)OCCCC)c1,-4.4,SOL_classification
468,472,O=C(OCC(C)C)c(c(ccc1)C(=O)OCC(C)C)c1,-4.66,SOL_classification
469,473,O=C(OCC(CCCC)CC)c(c(ccc1)C(=O)OCC(CCCC)CC)c1,-6.96,SOL_classification
470,474,O=C(OCc(cccc1)c1)c(c(ccc2)C(=O)OCCCC)c2,-5.64,SOL_classification
471,475,COCOC,0.48,SOL_classification
472,476,CCOCC,-0.09,SOL_classification
473,477,COCCC,-0.39,SOL_classification
474,478,COC(C)C,-0.06,SOL_classification
475,479,COCCCC,-0.99,SOL_classification
476,480,CCOCCC,-0.66,SOL_classification
477,481,COC(C)(C)C,-0.24,SOL_classification
478,482,CCOC(C)C,-0.55,SOL_classification
479,483,O(CCCC1)C1,-0.03,SOL_classification
480,484,CCCOCCC,-1.62,SOL_classification
481,485,O(C(C)C)C(C)C,-1.1,SOL_classification
482,486,CCCOC(C)C,-1.34,SOL_classification
483,487,CCOCCOCC,-0.77,SOL_classification
484,488,O(C(OCC)C)CC,-0.43,SOL_classification
485,489,CCCCOCCCC,-1.85,SOL_classification
486,490,CCOC=C,-0.85,SOL_classification
487,491,c1ccccc1OC,-1.85,SOL_classification
488,492,c1ccccc1Oc2ccccc2,-3.96,SOL_classification
489,493,o2c1ccccc1oc3ccccc23,-5.31,SOL_classification
490,494,Cc1cccc(c1)Oc2cccc(c2)C,-4.85,SOL_classification
491,495,O(C1C)C1,-0.59,SOL_classification
492,496,O(C1c(cccc2)c2)C1,-1.6,SOL_classification
493,497,O(CCC1)C1,0.56,SOL_classification
494,498,O(C(CC1)C)C1,0.11,SOL_classification
495,499,O1C=CC=C1,-0.82,SOL_classification
496,500,o(c(c(c1cccc2)ccc3)c3)c12,-4.6,SOL_classification
497,501,CCCCOCCO,-0.42,SOL_classification
498,502,O=C(O)C(O)(CC(=O)O)CC(=O)O,0.51,SOL_classification
499,503,OCC1C(O)C(O)C(O)C(O)O1,0.74,SOL_classification
500,504,O1CC(O)C(O)C(O)C1(O)CO,0.64,SOL_classification
501,505,CC13CCC(=O)C=C1CCC4C2CCC(O)(C(=O)CO)C2(C)CC(=O)C34,-3.11,SOL_classification
502,506,O=C(C(O)(C(C(C(C(C(C(=CC(=O)C1)C2)(C1)C)C3O)C2)C4)(C3)C)C4)CO,-2.97,SOL_classification
503,507,C1(=O)C=C2CCC3C4CC(C)C(O)(C(=O)CO)C4(C)CC(O)C3(F)C2(C)C=C1,-3.64,SOL_classification
504,508,CC(=O)OCC(=O)C3(O)CCC4C2CCC1=CC(=O)CCC1(C)C2C(=O)CC34C,-4.3,SOL_classification
505,509,C1C2=CC(=O)C=CC2(C)C3C(O)CC4(C)C(O)(C(=O)CO)CCC4C3C1,-3.21,SOL_classification
506,510,O=C(OC(C(C(C(C(C(C(=CC(=O)C1)C2)(C1)C)C3)C2SC(=O)C)C4)(C3)C)(C4)C5)C5,-4.28,SOL_classification
507,511,O=C1C=C2CCC3C4CCC(O)(C(=O)COC(=O)C)C4(C)CC(O)C3C2(C)C=C1,-4.37,SOL_classification
508,512,O=C(C(C(C(C(c(c(cc(O)c1)C2)c1)C3)C2)C4)(C3)C)C4,-3.96,SOL_classification
509,513,C1C(=O)C=C2CCC3C4CCC(C(=O)COC(=O)C)C4(C)CCC3C2(C)C1,-4.63,SOL_classification
510,514,O=C(C=C(C(C(C(C(C(C(O)(C)C1)(C2)C)C1)C3)C2)(C4)C)C3)C4,-3.99,SOL_classification
511,515,C1C(=O)C=C2CCC3C4CCC(=O)C4(C)CCC3C2(C)C1,-3.69,SOL_classification
512,516,C1C(=O)C=C2CCC3C4CCC(C(=O)CO)C4(C)CCC3C2(C)C1,-3.75,SOL_classification
513,517,O=C1C=C2CCC3C4CC(OC(=O)C)C(O)(C(=O)COC(=O)C)C4(C)CC(O)C3(F)C2(C)C=C1,-4.13,SOL_classification
514,518,CC(=O)C3(O)CCC4C2CCC1=CC(=O)CCC1(C)C2CCC34C,-4.71,SOL_classification
515,519,O=C1C=C2CCC3C4CC5OC(C)(C)OC5(C(=O)CO)C4(C)CC(O)C3(F)C2(C)C=C1,-4.32,SOL_classification
516,520,CC34CC(O)C1(F)C(CCC2=CC(=O)C=CC12C)C3CC(O)C4(O)C(=O)CO,-3.69,SOL_classification
517,521,CC12CC(O)C3(F)C(CCC4=CC(=O)CCC43C)C2CCC1(O)C(=O)CO,-3.43,SOL_classification
518,522,C1=CC(=O)C=C2CCC3C4CC(C)C(O)(C(=O)CO)C4(C)CC(O)C3(F)C12C,-3.77,SOL_classification
519,523,CC1CC2C3CCC(O)(C(=O)C)C3(C)CC(O)C2(F)C4(C)C=CC(=O)C=C14,-4.1,SOL_classification
520,524,C1(=O)C=C2CCC3C4CC(C)C(O)(C(=O)COC(=O)C)C4(C)CC(O)C3(F)C2(C)C=C1,-4.9,SOL_classification
521,525,C1=CC(=O)C=C2CCC3C4CC(C)C(OC(=O)CCCC)(C(=O)CO)C4(C)CC(O)C3(F)C12C,-4.71,SOL_classification
522,526,O=C(O)c(c(O)ccc1)c1,-1.82,SOL_classification
523,527,O(c(c(O)ccc1)c1)C,-1.96,SOL_classification
524,528,O=C(O)c(ccc(O)c1)c1,-1.41,SOL_classification
525,529,O=Cc(ccc(O)c1)c1,-0.96,SOL_classification
526,530,O=Cc(ccc(OC)c1)c1,-1.49,SOL_classification
527,531,O=C(OCC)c(ccc(O)c1)c1,-2.35,SOL_classification
528,532,O(C(C(O)C(O)C1O)CO)C1Oc(c(ccc2)CO)c2,-0.85,SOL_classification
529,533,O=C(Oc(cccc1)c1)c(c(O)ccc2)c2,-3.15,SOL_classification
530,534,ClCC(O)CCl,-0.11,SOL_classification
531,535,FC(F)(F)C(O)C,0.3,SOL_classification
532,536,Oc(c(ccc1)Cl)c1,-1.06,SOL_classification
533,537,Oc(ccc(c1)Cl)c1,-0.7,SOL_classification
534,538,c1ccc(Cl)cc1O,-0.7,SOL_classification
535,539,Oc(ccc(c1)Br)c1,-1.09,SOL_classification
536,540,c1cc(Cl)cc(Cl)c1O,-1.55,SOL_classification
537,541,Clc1cc(Cl)cc(Cl)c1O,-2.34,SOL_classification
538,542,c1c(Cl)c(Cl)cc(Cl)c1O,-2.21,SOL_classification
539,543,Oc(c(c(c(c1Cl)Cl)Cl)Cl)c1Cl,-4.28,SOL_classification
540,544,c1cc(Cl)c(C)cc1O,-1.57,SOL_classification
541,545,O=C(O)CCl,0.93,SOL_classification
542,546,O=C(O)c(ccc(c1)Cl)c1,-3.31,SOL_classification
543,547,O=C(O)c(c(ccc1)Cl)c1,-1.89,SOL_classification
544,548,O=C(O)c(cccc1Cl)c1,-2.59,SOL_classification
545,549,ClCCOCCCl,-1.12,SOL_classification
546,550,COc1ccc(cc1)C(c2ccc(OC)cc2)C(Cl)(Cl)Cl,-6.89,SOL_classification
547,551,ClC4=C(Cl)C5(Cl)C3C1CC(C2OC12)C3C4(Cl)C5(Cl)Cl,-6.29,SOL_classification
548,552,COc1c(Cl)ccc(Cl)c1C(O)=O,-1.7,SOL_classification
549,553,CCN(CC)CC,-0.14,SOL_classification
550,554,CCCNCCC,-0.46,SOL_classification
551,555,CCCCCCCN,-1.85,SOL_classification
552,556,CCCCCCN,-1.1,SOL_classification
553,557,CN(C)C,0.84,SOL_classification
554,558,CCCN(CCC)CCC,-2.28,SOL_classification
555,559,NCC(CCCC)CC,-1.71,SOL_classification
556,560,CCCCNCCCC,-1.44,SOL_classification
557,561,CCCCCCCCN,-2.75,SOL_classification
558,562,c1ccccc1N,-0.41,SOL_classification
559,563,c1cccc(N)c1N,-0.42,SOL_classification
560,564,c1cc(N)ccc1N,-0.38,SOL_classification
561,565,c1cccc(C)c1N,-0.85,SOL_classification
562,566,c1ccccc1NC,-1.28,SOL_classification
563,567,c1cc(C)ccc1N,-1.21,SOL_classification
564,568,c1ccc(C)cc1N,-0.85,SOL_classification
565,569,c1ccccc1CN,-1.53,SOL_classification
566,570,c1ccccc1NCC,-1.7,SOL_classification
567,571,c1ccccc1N(C)C,-1.92,SOL_classification
568,572,c1ccccc1N(CC)CC,-3.03,SOL_classification
569,573,Nc(ccc(c(ccc(N)c1)c1)c2)c2,-2.7,SOL_classification
570,574,c1ccccc1Nc2ccccc2,-3.51,SOL_classification
571,575,Nc(ccc(c1)Cc(ccc(N)c2)c2)c1,-2.3,SOL_classification
572,576,c(c(c(N)cc1)ccc2)(c2)c1,-1.92,SOL_classification
573,577,N(N)c(cccc1)c1,0.07,SOL_classification
574,579,c1ccc(C)c(C)n1,0.38,SOL_classification
575,580,c1cc(C)cc(C)n1,0.38,SOL_classification
576,581,c1c(C)ccc(C)n1,0.4,SOL_classification
577,582,Cc1cccc(C)n1,0.45,SOL_classification
578,583,c1cc(C)c(C)cn1,0.36,SOL_classification
579,584,c1c(C)cc(C)cn1,0.38,SOL_classification
580,585,n(c(c(ccc1)cc2)c1)c2,-1.3,SOL_classification
581,586,c1ccc2cnccc2c1,-1.45,SOL_classification
582,587,n(c(ccc1)c(nccc2)c2)c1,-1.42,SOL_classification
583,588,n(ccc(c1)c(ccnc2)c2)c1,-1.54,SOL_classification
584,589,n(cccc1C(N(CC2)C)C2)c1,0.79,SOL_classification
585,590,NNC(=O)c1ccncc1,0.01,SOL_classification
586,591,O=C(O)c(cccn1)c1,-0.84,SOL_classification
587,592,O=C(N)c(cccn1)c1,0.61,SOL_classification
588,593,n(cccc1CO)c1,0.96,SOL_classification
589,594,O=C(N)c(nccn1)c1,-0.91,SOL_classification
590,595,n(cccn1)c1,1.1,SOL_classification
591,596,n1c(C)nc(N)cc1C,-1.28,SOL_classification
592,597,c1ccc2c(C)cn(H)c2c1,-2.42,SOL_classification
593,598,c1ccc2c(c1)ccc3ncccc23,-3.36,SOL_classification
594,599,c1ccc2n(H)nnc2c1,-0.78,SOL_classification
595,600,c1ccc2ncsc2c1,-1.5,SOL_classification
596,601,c1cccn1(H),-0.17,SOL_classification
597,602,s1cccc1,-1.45,SOL_classification
598,603,n(c(c(ccc1)cc2)c1)c2c(nc(c(ccc3)c4)c3)c4,-5.4,SOL_classification
599,604,c1ccc2ccn(H)c2c1,-1.52,SOL_classification
600,605,n(c(c(ccc1)cc2)c1O)c2,-2.42,SOL_classification
601,606,N(c(c(S1)ccc2)c2)=C1S,-3.18,SOL_classification
602,607,c2ccc1nncc1c2,-2.16,SOL_classification
603,608,o(c(c(n1)ccc2)c2)c1,-1.16,SOL_classification
604,609,n(nccc1)c1,1.1,SOL_classification
605,610,c1cc2ncccc2c(O)c1,-2.54,SOL_classification
606,611,c1c(O)cc2cccnc2c1,-2.16,SOL_classification
607,612,N(c(c(N1(H))ccc2)c2)=C1C,-1.96,SOL_classification
608,613,C1(C)=CSC=C1,-2.39,SOL_classification
609,614,C1=CSC(CC)=C1,-2.59,SOL_classification
610,615,Cc1cc(O)no1,-0.07,SOL_classification
611,616,CCC1(CC)C(=O)NC(=O)N(C)C1=O,-2.23,SOL_classification
612,617,O=C(N(N(C1=O)c(cccc2)c2)c(cccc3)c3)C1CCCC,-3.81,SOL_classification
613,618,COC(=O)C1C(CC2CCC1N2C)OC(=O)c3ccccc3,-2.23,SOL_classification
614,619,CN(C)CCCN2c1ccccc1CCc3ccccc23,-4.19,SOL_classification
615,620,CN(C)CCCN2c1ccccc1Sc3ccc(Cl)cc23,-5.01,SOL_classification
616,621,O=C(OC(CC(N(C1C2)C)C2)C1)C(c(cccc3)c3)CO,-2.12,SOL_classification
617,622,CCC1(C(=O)NC(=O)NC1=O)C2=CCCCC2,-2.17,SOL_classification
618,623,C=CCC1(CC=C)C(=O)NC(=O)NC1=O,-2.06,SOL_classification
619,624,CC(C)(S)C(N)C(O)=O,-0.13,SOL_classification
620,625,OC2(CCN(CCCC(=O)c1ccc(F)cc1)CC2)c3ccc(Cl)cc3,-4.43,SOL_classification
621,626,NS(=O)(=O)c2cc(C(O)=O)c(NCc1ccco1)cc2Cl,-3.66,SOL_classification
622,627,CN2C(=O)NC(=O)C(C)(C1=CCCCC1)C2=O,-2.74,SOL_classification
623,628,Oc(ccc(C(=C(c(ccc(O)c1)c1)CC)CC)c2)c2,-4.35,SOL_classification
624,629,O=C(NC(C(O)c(ccc(N(=O)=O)c1)c1)CO)C(Cl)Cl,-2.11,SOL_classification
625,630,O=C(N(c(c(C1(C(N(C2)CC(C3C4C5OC6)=C6)C3)C2)ccc7)c7)C14)C5,-3.32,SOL_classification
626,631,CCC1(CCC(C)C)C(=O)NC(=O)NC1=O,-2.57,SOL_classification
627,632,CCC1(CC)C(=O)NC(=O)NC1=O,-1.39,SOL_classification
628,633,O=C(OCC(CCC)(C)COC(=O)N)N,-1.67,SOL_classification
629,634,O=S(=O)(Nc(nc(cc1C)C)n1)c(ccc(N)c2)c2,-2.27,SOL_classification
630,635,c1ccccc1N2C(=O)C(N(C)C)=C(C)N2C,-0.63,SOL_classification
631,636,OCCN4CCN(CCCN2c1ccccc1Sc3ccc(Cl)cc23)CC4,-4.16,SOL_classification
632,637,c1ccc2Sc3ccccc3N(CCCN(C)C)c2c1,-4.3,SOL_classification
633,638,O=S(=O)(N)c(c(cc(NCNS1(=O)=O)c12)Cl)c2,-2.62,SOL_classification
634,639,NS(=O)(=O)c1c(Cl)cc2N=CNS(=O)(=O)c2c1,-3.05,SOL_classification
635,640,O=C(OCCN(CC)CC)c(ccc(N)c1)c1,-1.4,SOL_classification
636,641,CC(=O)Nc1nnc(S(=O)(=O)N)s1,-2.36,SOL_classification
637,642,c1ccc2Sc3ccccc3N(CC(C)N(C)C)c2c1,-4.26,SOL_classification
638,643,O=C1NCCN1c2ncc(s2)N(=O)=O,-3.22,SOL_classification
639,644,CC(=O)Nc1ccc(OCC)cc1,-2.37,SOL_classification
640,645,O=S(=O)(N)c(ccc(N)c1)c1,-1.36,SOL_classification
641,646,CN1CCC=C(C(=O)OC)C1,0.81,SOL_classification
642,647,OCCN4CCN(CCCN2c1ccccc1Sc3ccc(cc23)C(F)(F)F)CC4,-4.15,SOL_classification
643,648,c12ncnc(N)c1ccn2C3OC(CO)C(O)C3(O),-1.95,SOL_classification
644,649,c1cc(N)ccc1S(=O)(=O)Nc2nccs2,-2.43,SOL_classification
645,650,CCCC(C)C1(CC)C(=O)NC(=O)NC1=O,-2.52,SOL_classification
646,651,C(C)(C)C1(CC)C(=O)NC(=O)NC1(=O),-2.21,SOL_classification
647,652,CC(C)C1(CC=C)C(=O)NC(=O)NC1=O,-1.71,SOL_classification
648,653,O=C1NC(=S)NC(=O)C1(CC=C)C(C)CCC,-3.46,SOL_classification
649,654,CCCCC1(CC)C(=O)NC(=O)NC1=O,-1.64,SOL_classification
650,655,O=C(NC(=O)C(Br)(CC)CC)N,-2.68,SOL_classification
651,656,COc2ccc(NS(=O)(=O)c1ccc(N)cc1)nn2,-3.28,SOL_classification
652,658,O=C(NC(=O)c1cccc2)c12,-2.61,SOL_classification
653,659,c1cc2OC(=O)C=Cc2cc1,-1.89,SOL_classification
654,660,CCc2nnc(NS(=O)(=O)c1ccc(N)cc1)s2,-1.94,SOL_classification
655,661,O(c(c(O)ccc1CC=C)c1)C,-1.56,SOL_classification
656,662,N(C(=S)SSC(N(CC)CC)=S)(CC)CC,-4.86,SOL_classification
657,663,c1ccccc1C2(CC=C)C(=O)NC(=O)NC2=O,-2.18,SOL_classification
658,664,CN4CCN(CCCN2c1ccccc1Sc3ccc(cc23)C(F)(F)F)CC4,-4.52,SOL_classification
659,665,c1cc(N)ccc1S(=O)(=O)Nc2nc(OC)nc(OC)c2,-2.96,SOL_classification
660,666,CCC1(C(=O)NCNC1=O)c2ccccc2,-2.64,SOL_classification
661,667,COC1=CC(=O)CC(C)C13Oc2c(Cl)c(OC)cc(OC)c2C3=O,-4.61,SOL_classification
662,668,CCCCC1C(=O)N(N(C1=O)c2ccc(O)cc2)c3ccccc3,-3.73,SOL_classification
663,669,O=S(=O)(N)c(c(cc(NC(NS1(=O)=O)C(Cl)Cl)c12)Cl)c2,-2.68,SOL_classification
664,670,O=C(Nc(c(ccc1)C)c1C)CN(CC)CC,-1.76,SOL_classification
665,671,O=C(NS(=O)(=O)c(ccc(N)c1)c1)C,-1.23,SOL_classification
666,672,c1cc(N)ccc1S(=O)(=O)Nc2nnc(C)s2,-2.41,SOL_classification
667,673,OCC(O)C(O)CO,0.7,SOL_classification
668,674,OC(c(cccc1)c1)C(NC)C,-0.42,SOL_classification
669,675,c1nc(O)c2cnnc2n1,-2.38,SOL_classification
670,676,O=C(NCCCC)NS(=O)(=O)c(ccc(N)c1)c1,-2.18,SOL_classification
671,677,O=C(N(c(c(C1(C(N(C2)CC(C3C4C5OC6)=C6)C3)C2)cc(OC)c7OC)c7)C14)C5,-2.09,SOL_classification
672,678,CCN(CC)CCNC(=O)c1cc(Cl)c(N)cc1OC,-3.18,SOL_classification
673,679,Cc1ncc(N(=O)=O)n1CCO,-1.26,SOL_classification
674,680,CCOc2ccc1nc(sc1c2)S(N)(=O)=O,-3.81,SOL_classification
675,681,CCC1(C(=O)NC(=O)NC1=O)C2=CCCCCC2,-3.0,SOL_classification
676,682,Nc1ccc(cc1)S(=O)(=O)Nc2ccnn2c3ccccc3,-2.32,SOL_classification
677,683,Oc1cc(O)c2C(=O)CC(c3cc(O)c(O)cc3)Oc2c1,-3.62,SOL_classification
678,684,c1cc(N)ccc1S(=O)(=O)Nc2ncc(C)cn2,-2.82,SOL_classification
679,685,c1cc(N)ccc1S(=O)(=O)Nc2ncc(OC)cn2,-2.58,SOL_classification
680,686,c1cc(C)ccc1S(=O)(=O)NC(=O)NC2CCCCC2,-4.21,SOL_classification
681,687,Cc1cc(NS(=O)(=O)c2ccc(N)cc2)no1,-2.62,SOL_classification
682,688,COc2cc(Cc1cnc(N)nc1N)cc(OC)c2OC,-2.86,SOL_classification
683,689,OC3N=C(c1ccccc1Cl)c2cc(Cl)ccc2NC3=O,-3.6,SOL_classification
684,690,Cc1ccc(cc1)S(=O)(=O)NC(=O)NN2CCCCCC2,-3.68,SOL_classification
685,691,n(c(ccc1)C(Cl)(Cl)Cl)c1Cl,-3.76,SOL_classification
686,692,c1cc(N)ccc1S(=O)(=O)Nc2nc(C)nc(OC)c2,-2.54,SOL_classification
687,693,CN(C)C(=O)Nc1cccc(OC(=O)NC(C)(C)C)c1,-2.93,SOL_classification
688,694,c1ccccc1c2c(F)cc(C(C)C(=O)O)cc2,-4.49,SOL_classification
689,695,CCOP(=S)(OCC)N2C(=O)c1ccccc1C2=O,-3.35,SOL_classification
690,696,CC1=C(SCCO1)C(=O)Nc2ccccc2,-3.14,SOL_classification
691,697,c1ccccc1NC(=O)C2=C(C)OCCS2(=O)=O,-2.43,SOL_classification
692,698,CN(C)C=Nc1ccc(Cl)cc1C,-2.86,SOL_classification
693,699,o1c(N(=O)(=O))ccc1C=NO,-2.19,SOL_classification
694,700,CNC(=O)Oc1ccccc1C2OCCO2,-1.57,SOL_classification
695,701,O=C(O)C(c(ccc(c1)CC(C)C)c1)C,-3.99,SOL_classification
696,702,O=C(c(cccc1C(C(=O)O)C)c1)c(cccc2)c2,-3.7,SOL_classification
697,703,COc2ccc1cc(ccc1c2)C(C)C(O)=O,-4.16,SOL_classification
698,704,c1ccccc1CNC(=O)CN2C(N(=O)=O)=NC=C2,-2.81,SOL_classification
699,705,c1ccccc1c2ccc(C(=O)CCC(=O)O)cc2,-5.06,SOL_classification
700,706,C1CCCCN1c2nc(N)n(=O)c(N)c2,-1.98,SOL_classification
701,707,CNC(NCCSCc1ncnc1C)=NC#N,-1.35,SOL_classification
702,708,n1c(N)nc(N)c(Cc2cc(OC)c(OCCOC)c(OC)c2)c1,-2.1,SOL_classification
703,709,C1CN(CCC2=CC=CS2)CCC1(COC)N(C(=O)CC)c3ccccc3,-3.71,SOL_classification
704,710,n1cncn1CC(O)(c2ccc(F)cc2)c3ccccc3F,-3.37,SOL_classification
705,711,N1C(=O)NC(=O)C(F)=C1,-1.07,SOL_classification
706,712,CN1C(=O)N(C)c2ncn(C)c2C1(=O),-0.97,SOL_classification
707,713,c1ccc2C=CC(=O)N(H)c2c1,-2.14,SOL_classification
708,714,CNN,1.34,SOL_classification
709,715,C1=C(C)C(=O)NC(=O)N1,-1.52,SOL_classification
710,716,C1=CC(=O)NC(=O)N1,-1.48,SOL_classification
711,717,CC1CC(C)C(=O)C(C1)C(O)CC2CC(=O)NC(=O)C2,-1.13,SOL_classification
712,718,CCC1(CCC(=O)NC1=O)c2ccccc2,-2.34,SOL_classification
713,719,O=NN(CCCC1)C1,-0.17,SOL_classification
714,720,N(=Nc(cccc1)c1)c(cccc2)c2,-4.45,SOL_classification
715,721,O(CCN(C1)C)C1,1.0,SOL_classification
716,722,N(CCNC1)C1,1.07,SOL_classification
717,723,N(CCCC1)C1,1.07,SOL_classification
718,724,O(CCNC1)C1,1.06,SOL_classification
719,725,N(CCC1)C1,1.15,SOL_classification
720,726,NC(=NC(#N))N,-0.31,SOL_classification
721,727,O=C(NCC1=O)N1,-0.4,SOL_classification
722,728,C1=CC(=O)NC(=O)N1C,-0.8,SOL_classification
723,729,O=C(NCC1)C1,1.07,SOL_classification
724,730,N(CCCC1)(C1)C,0.23,SOL_classification
725,731,CN1C(=O)C=CC=C1,0.96,SOL_classification
726,732,O=C1CCCN1C,1.0,SOL_classification
727,733,C=CC#N,0.15,SOL_classification
728,734,c1ccccc1C#N,-1.0,SOL_classification
729,735,N#Cc(c(C#N)ccc1)c1,-2.38,SOL_classification
730,736,N(Nc(cccc1)c1)c(cccc2)c2,-2.92,SOL_classification
731,737,c1cccc(N)c1O,-0.72,SOL_classification
732,738,Oc(ccc(N)c1)c1,-0.8,SOL_classification
733,739,c1cccc(N)c1C(=O)O,-1.52,SOL_classification
734,740,O=C(O)c(ccc(N)c1)c1,-0.4,SOL_classification
735,741,O=C(OC)N,0.97,SOL_classification
736,742,O=C(OCC)N,0.85,SOL_classification
737,743,O=C(OCCCC)N,-0.66,SOL_classification
738,744,O=C(OCC(C)C)N,-0.3,SOL_classification
739,745,O=C(OC(C)(C)C)N,0.1,SOL_classification
740,746,O=C(OCc1ccccc1)N,-0.35,SOL_classification
741,747,O=C(Oc(c(c(ccc1)cc2)c1)c2)NC,-3.28,SOL_classification
742,748,NC(=O)N,0.96,SOL_classification
743,749,O=C(N)NO,1.12,SOL_classification
744,750,O=C(N)N(C)N=O,-0.85,SOL_classification
745,751,O=C(N)N(CC)N=O,-0.96,SOL_classification
746,752,O=C(NC)N,1.13,SOL_classification
747,753,O=C(N(C)C)N(C)C,0.94,SOL_classification
748,754,NC(=O)NCc1ccccc1,-0.95,SOL_classification
749,755,CC(=O)N,1.58,SOL_classification
750,756,CC(=O)N(C)C,1.11,SOL_classification
751,757,O=C(N)C=C,0.96,SOL_classification
752,758,O=C(N)c(cccc1)c1,-0.96,SOL_classification
753,759,O=C(N)c(c(ccc1)C(=O)N)c1,-2.92,SOL_classification
754,760,O=C(Nc(cccc1)c1)C,-1.33,SOL_classification
755,761,O=C(N(C)C)Nc(cccc1)c1,-1.6,SOL_classification
756,762,O=C(Nc(ccc(O)c1)c1)C,-1.03,SOL_classification
757,763,CNC(=O)Oc1ccccc1OC(C)C,-2.05,SOL_classification
758,764,C1=CC2C(N(C)C5)Cc3ccc(O)c4c3C2(C5)C(O4)C1O,-3.28,SOL_classification
759,765,COc1ccc2CC5C3C=CC(O)C4Oc1c2C34CCN5C,-1.52,SOL_classification
760,766,CCCN(=O)=O,-0.8,SOL_classification
761,767,CC(C)N(=O)=O,-0.62,SOL_classification
762,768,O=N(=O)c(cccc1)c1,-1.8,SOL_classification
763,769,O=N(=O)c(c(ccc1)C)c1,-2.33,SOL_classification
764,770,O=N(=O)c(cccc1C)c1,-2.44,SOL_classification
765,771,O=N(=O)c(ccc(c1)C)c1,-2.49,SOL_classification
766,772,O=N(=O)c(c(c(ccc1)cc2)c1)c2,-3.54,SOL_classification
767,773,O=N(=O)c(ccc(O)c1)c1,-0.74,SOL_classification
768,774,O=N(=O)c(c(O)ccc1)c1,-1.74,SOL_classification
769,775,O=N(=O)c(cccc1O)c1,-1.01,SOL_classification
770,776,O=N(=O)c(cc(N(=O)=O)c(O)c1C(CC)C)c1,-3.38,SOL_classification
771,777,O=C(O)c(ccc(N(=O)=O)c1)c1,-2.8,SOL_classification
772,778,O=C(O)c(cccc1N(=O)=O)c1,-1.68,SOL_classification
773,779,O=N(=O)c(c(OC)ccc1)c1,-1.96,SOL_classification
774,780,O=N(=O)c(ccc(OC)c1)c1,-2.41,SOL_classification
775,781,O=N(=O)c(cccc1N)c1,-2.19,SOL_classification
776,782,O=N(=O)c(c(N)ccc1)c1,-1.96,SOL_classification
777,783,O=N(=O)c(ccc(N)c1)c1,-2.37,SOL_classification
778,784,NC(=N)NCC(=O)O,-1.51,SOL_classification
779,785,Nc(ccc(c1)Cl)c1,-1.66,SOL_classification
780,786,Nc(c(ccc1)Cl)c1,-1.52,SOL_classification
781,787,Clc(cccc1N)c1,-1.37,SOL_classification
782,788,Nc(ccc(c1Cl)Cl)c1,-3.24,SOL_classification
783,789,FC(F)(F)c(cccc1N)c1,-1.47,SOL_classification
784,790,Nc(c(cc(c(ccc(N)c1Cl)c1)c2)Cl)c2,-4.92,SOL_classification
785,791,Clc1cccc(Cl)c1C#N,-4.24,SOL_classification
786,792,N#Cc(c(c(c(c1C#N)Cl)Cl)Cl)c1Cl,-5.64,SOL_classification
787,793,n(c(nc(n1)NCC)NCC)c1Cl,-4.55,SOL_classification
788,794,n(c(nc(n1)N(CC)CC)NCC)c1Cl,-4.06,SOL_classification
789,795,CCNc1nc(Cl)nc(NC(C)(C)C#N)n1,-3.15,SOL_classification
790,796,CC(C)Nc1nc(Cl)nc(NC(C)C)n1,-4.43,SOL_classification
791,797,CN1C=C(c2ccccc2)C(=O)C(c3cc(C(F)(F)F)ccc3)=C1,-4.44,SOL_classification
792,798,CC(C)OC(=O)Nc1cccc(Cl)c1,-3.38,SOL_classification
793,799,O=C(N(OC)C)Nc(ccc(c1)Cl)c1,-2.57,SOL_classification
794,800,O=C(N(C)C)Nc(ccc(c1)Cl)c1,-2.89,SOL_classification
795,801,O=C(N(OC)C)Nc(ccc(c1Cl)Cl)c1,-3.52,SOL_classification
796,802,CCC(=O)Nc1ccc(Cl)c(Cl)c1,-3.0,SOL_classification
797,803,O=C(N(C)C)Nc(cccc1C(F)(F)F)c1,-3.43,SOL_classification
798,804,CC(C)N(C(=O)CCl)c1ccccc1,-2.48,SOL_classification
799,805,CCCCN(C)C(=O)Nc1ccc(Cl)c(Cl)c1,-4.77,SOL_classification
800,806,CC1=C(Cl)C(=O)N(C(C)(C)C)C(=O)N1,-2.48,SOL_classification
801,807,CCc1cccc(CC)c1N(COC)C(=O)CCl,-3.26,SOL_classification
802,808,CN(C)C(=O)Nc2ccc(Oc1ccc(Cl)cc1)cc2,-4.89,SOL_classification
803,809,O=N(=O)c(ccc(Oc(c(cc(c1)Cl)Cl)c1)c2)c2,-5.46,SOL_classification
804,810,CCCN(CCC)c1c(cc(cc1N(=O)=O)C(F)(F)F)N(=O)=O,-5.68,SOL_classification
805,811,CC(C)(C)C(=O)C(Oc1ccc(Cl)cc1)n2cncn2,-3.61,SOL_classification
806,812,CCS,-0.6,SOL_classification
807,813,CCCCS,-2.18,SOL_classification
808,814,c1ccccc1S,-2.12,SOL_classification
809,815,CCNc1nc(NC(C)C)nc(SC)n1,-3.04,SOL_classification
810,816,CCNc1nc(NC(C)(C)C)nc(SC)n1,-4.0,SOL_classification
811,817,NC(=S)N,0.32,SOL_classification
812,818,N(C(=S)NC1)C1,-0.71,SOL_classification
813,819,CCNC(=S)NCC,-1.46,SOL_classification
814,820,NC(=S)Nc(cccc1)c1,-1.77,SOL_classification
815,821,n(ccc(n1)O)c1S,-2.26,SOL_classification
816,822,COC(=O)NS(=O)(=O)c1ccc(N)cc1,-1.66,SOL_classification
817,823,O=C(NS(=O)(=O)c1cccc2)c12,-1.64,SOL_classification
818,824,O=S(=O)(N)c(ccc(c1)C)c1,-1.74,SOL_classification
819,825,O=S(=O)(N)c(c(ccc1)C)c1,-2.02,SOL_classification
820,826,CCCN(CCC)c1c(cc(cc1N(=O)=O)S(N)(=O)=O)N(=O)=O,-5.16,SOL_classification
821,827,COP(=O)(OC)C(O)C(Cl)(Cl)Cl,-0.22,SOL_classification
822,828,O=P(OCC)(OCC)OCC,0.43,SOL_classification
823,829,O=P(Oc1ccc(O)cc1C)(Oc2cc(O)ccc2C)Oc3c(O)cccc3C,-6.7,SOL_classification
824,830,CCOP(=S)(OCC)SCSCC,-4.11,SOL_classification
825,831,CCOP(=S)(OCC)SCCSCC,-4.23,SOL_classification
826,832,COP(=S)(OC)Oc1ccc(SC)c(C)c1,-4.57,SOL_classification
827,833,COP(=S)(OC)SCN2C(=O)c1ccccc1C2=O,-4.1,SOL_classification
828,834,COP(=S)(OC)Oc1nc(Cl)c(Cl)cc1Cl,-4.82,SOL_classification
829,835,COP(=S)(OC)Oc1ccc(cc1)N(=O)=O,-3.68,SOL_classification
830,836,COP(=S)(OC)Oc1ccc(cc1Cl)N(=O)=O,-4.31,SOL_classification
831,837,COP(=S)(OC)Oc1ccc(N(=O)=O)c(C)c1,-4.04,SOL_classification
832,838,CCOP(=S)(OCC)SCSP(=S)(OCC)OCC,-5.54,SOL_classification
833,839,O=P(SCCCC)(SCCCC)SCCCC,-5.14,SOL_classification
834,840,COP(=S)(OC)Oc1cc(Cl)c(Br)cc1Cl,-6.09,SOL_classification
835,841,COP(=S)(OC)Oc1cc(Cl)c(Cl)cc1Cl,-5.72,SOL_classification
836,842,COP(=S)(OC)Oc1cc(Cl)c(I)cc1Cl,-6.62,SOL_classification
837,843,O=C(O)CCC(C(C(C(C(C(C(C(C1)CC(O)C2)(C2)C)C3)C1O)C4)(C3O)C)C4)C,-3.37,SOL_classification
838,844,O=C(O)CCC(C(C(C(C(C(C(C(C1)CC(O)C2)(C2)C)C3)C1)C4)(C3O)C)C4)C,-3.95,SOL_classification
839,845,C1C(O)CC2CC(O)C3C4CCC(C(C)CCC(=O)O)C4(C)CCC3C2(C)C1,-3.82,SOL_classification
840,847,CC(CCC(O)=O)C3CCC4C2C(O)CC1CC(O)CCC1(C)C2CCC34C,-3.64,SOL_classification
841,848,C1C(O)CC2C(O)C(O)C3C4CCC(C(C)CCC(=O)O)C4(C)CCC3C2(C)C1,-4.35,SOL_classification
842,849,c1cc2N3C(C)=NN=C3CN=C(c4c(Cl)cccc4)c2cc1Cl,-4.08,SOL_classification
843,850,COc1ccc2n(C(=O)c3ccc(Cl)cc3)c(C)c(CC(=O)O)c2c1,-4.62,SOL_classification
844,851,s1c(N)ncc1,-0.36,SOL_classification
845,852,N(c(c(c(ccc1)cc2)c1)c2)=C=S,-4.6,SOL_classification
846,853,N(CCNC1C)C1,0.74,SOL_classification
847,854,N#CCCCl,-0.29,SOL_classification
848,855,N#CCC=CC,-0.96,SOL_classification
849,856,O=C(Nc(ccc(N)c1)c1)C,-0.98,SOL_classification
850,857,O=C(Nc(ccc(c1)Br)c1)C,-3.08,SOL_classification
851,858,O=C(Nc(ccc(c1)Cl)c1)C,-2.84,SOL_classification
852,859,O=C(Nc(ccc(c1)F)c1)C,-1.78,SOL_classification
853,860,O=C(Nc(ccc(c1)C=O)c1)C,-1.58,SOL_classification
854,861,O=C(Nc(ccc(c1)I)c1)C,-3.25,SOL_classification
855,862,O=C(Nc(ccc(c1)OC)c1)C,-1.3,SOL_classification
856,863,O=C(Nc(ccc(c1)N(=O)=O)c1)C,-2.69,SOL_classification
857,864,CN(C)C(=O)NC1CCCCCCC1,-2.36,SOL_classification
858,865,CCCCOc2cc(C(=O)NCCN(CC)CC)c1ccccc1n2,-3.7,SOL_classification
859,866,CN(C)CCC=C2c1ccccc1COc3ccccc23,-3.4,SOL_classification
860,867,FC(F)(F)c(cccc1C(n(ncn2)c2)(c(cccc3)c3)c(cccc4)c4)c1,-8.4,SOL_classification
861,868,COc2ccc1C(OC(=O)c1c2OC)C4N(C)CCc5cc3OCOc3cc45,-4.11,SOL_classification
862,869,N(c(c(ccc1)C2)c1)C2,-1.04,SOL_classification
863,870,O=C(NC1C2C3CCCC3C(C1)C2)N(C)C,-3.01,SOL_classification
864,871,CC(C)c1ccc(NC(=O)N(C)C)cc1,-3.54,SOL_classification
865,872,Cc1ccc2C(=O)C(C(=O)O)=CN(CC)c2n1,-3.37,SOL_classification
866,873,O=C3CN=C(c1ccccc1)c2cc(ccc2N3)N(=O)=O,-3.8,SOL_classification
867,874,C1CNCCN1c2ncc3C(=O)C(C(=O)O)=CN(CC)c3n2,-2.98,SOL_classification
868,875,CC34CCC1C(CCC2=CC(=O)CCC12)C3CCC4(O)C#C,-4.57,SOL_classification
869,876,CC(=O)OC3(CCC4C2CCC1=CC(=O)CCC1C2CCC34C)C#C,-4.79,SOL_classification
870,877,O=C1C=C2C(C)CC3C4CCC(O)(C(=O)CO)C4(C)CC(O)C3C2(C)C=C1,-2.99,SOL_classification
871,878,Oc(c(cc(c1)Cl)Cc(c(O)ccc2Cl)c2)c1,-3.95,SOL_classification
872,879,Oc1c(I)cc(C#N)cc1I,-3.61,SOL_classification
873,880,O=C1NC(=S)NC(=O)C1(CC)C(C)CCC,-3.36,SOL_classification
874,881,O=C(NC(=O)C(O)(C1=O)C(O)(C(=O)NC(=O)N2)C2=O)N1,-2.23,SOL_classification
875,882,Cc1c(C)cc2N=C3C(=O)NC(=O)N=C3N(CC(O)C(O)C(O)CO)c2c1,-3.68,SOL_classification
876,883,Nc1c(Cl)c(Cl)nc(C(O)=O)c1Cl,-2.75,SOL_classification
877,884,O=C(O)c(c(c(N)cc1Cl)Cl)c1,-2.47,SOL_classification
878,885,ClCC#CCOC(=O)Nc1cccc(Cl)c1,-4.37,SOL_classification
879,886,CN(C)C2C1CC4C(=C(O)C1(O)C(=O)C(=C2O)C(N)=O)C(=O)c3c(O)cccc3C4(C)O,-3.12,SOL_classification
880,887,O=C(N)C(=C(O)C(N(C)C)C(C1(O)C(O)=C(C2C(O)(c(c3c(O)cc4)c4)C)C3=O)C2O)C1=O,-3.14,SOL_classification
881,888,O=C(O)C(N)Cc(ccc(O)c1)c1,-2.57,SOL_classification
882,889,O=C(O)C(N)Cc(cccc1)c1,-1.23,SOL_classification
883,890,c1c(C(=O)c3ccccc3)cc2nc(NC(=O)OC)n(H)c2c1,-3.88,SOL_classification
884,892,CC(C)N(C(C)C)C(=O)SCC(Cl)=C(Cl)Cl,-4.88,SOL_classification
885,893,CC(C)N(C(C)C)C(=O)SCC(Cl)=CCl,-4.08,SOL_classification
886,894,O=C(O)C(N)CCSC,-0.42,SOL_classification
887,895,CCCCN(CC)C(=O)SCCC,-3.35,SOL_classification
888,896,O=C(OC)c(cccn1)c1,-0.46,SOL_classification
889,897,CCCOC(=O)c1ccc(N)cc1,-2.33,SOL_classification
890,898,O=C(OCCCC)c(ccc(O)c1)c1,-2.72,SOL_classification
891,899,O=C(OCC1)C1,1.07,SOL_classification
892,900,O=C(OC)c(cc(O)c(O)c1O)c1,-1.24,SOL_classification
893,901,O=C(OC)c(ccc(O)c1)c1,-1.78,SOL_classification
894,902,O=C(OCC)C=Cc(cccc1)c1,-3.0,SOL_classification
895,903,O=C(OCCC)c(cc(O)c(O)c1O)c1,-1.78,SOL_classification
896,904,O=C(OCC)CCC(=O)OCC,-0.96,SOL_classification
897,905,O=C(OCC=C)c(c(ccc1)C(=O)OCC=C)c1,-3.13,SOL_classification
898,906,O=C(OCCCC)c(cccc1)c1,-3.48,SOL_classification
899,907,O=C(OC)c(ccc(N)c1)c1,-1.59,SOL_classification
900,908,CCCCCOC(=O)c1ccc(N)cc1,-3.26,SOL_classification
901,909,CCCCCCOC(=O)c1ccc(N)cc1,-3.95,SOL_classification
902,910,CCCCCCCOC(=O)c1ccc(N)cc1,-4.6,SOL_classification
903,911,CCCCCCCCOC(=O)c1ccc(N)cc1,-5.4,SOL_classification
904,912,O=C(Nc(cccc1)c1)c(c(O)ccc2)c2,-3.59,SOL_classification
905,913,c(c(cccc1)c1)(ccc(c(cccc2)c2)c3)c3,-7.11,SOL_classification
906,914,ONc(cccc1)c1,-0.74,SOL_classification
907,916,O=CNc(cccc1)c1,-0.68,SOL_classification
908,917,c1cc(NC(=O)C)ccc1S(=O)(=O)N,-1.61,SOL_classification
909,918,O=C(Nc(c(ccc1)Cl)c1)C,-1.4,SOL_classification
910,919,O=C(Nc(cccc1C)c1)C,-2.09,SOL_classification
911,920,O=C(Nc(c(N(=O)=O)ccc1)c1)C,-1.91,SOL_classification
912,921,O=C(N(c(cccc1)c1)C)C,-0.95,SOL_classification
913,922,O=C(Nc(c(O)ccc1)c1)C,-2.24,SOL_classification
914,923,N(C(CCC1)CC)C1,-1.5,SOL_classification
915,924,c1cc(N)ccc1C(=O)OCCNCCCCC,-3.27,SOL_classification
916,925,c1c(N(=O)(=O))cc2C(c3ccccc3)=NCC(=O)N(C)c2c1,-3.8,SOL_classification
917,926,c1cc(OCCCC)ccc1C(=O)OCCN(CC)CC,-3.84,SOL_classification
918,927,n(c(N(Cc(cccc1)c1)CCN(C)C)ccc2)c2,-2.64,SOL_classification
919,928,O(c(ccc(c1)CC=C)c1)C,-2.92,SOL_classification
920,929,C1C(=O)C=C2C(C)=CC3C4CCC(C(=O)C)(C)C4(C)CCC3C2(C)C1,-5.27,SOL_classification
921,930,C1C(=O)C=C2C(C)=CC3C4CCC(C(=O)C)(OC(=O)C)C4(C)CCC3C2(C)C1,-5.35,SOL_classification
922,931,C1CCCCC1CC,-4.25,SOL_classification
923,932,c1c(Cl)c(Cl)cc(O)c1OC,-2.53,SOL_classification
924,933,Clc1c(Cl)c(Cl)c(Cl)c(O)c1OC,-4.02,SOL_classification
925,934,O=C(C(=CCC1C(=C)C)C)C1,-2.06,SOL_classification
926,935,O=N(=O)NC(=N)N,-1.37,SOL_classification
927,936,O=C(N)CCl,-0.02,SOL_classification
928,937,O=C(NC(=O)C1=O)N1,-0.4,SOL_classification
929,938,O=C(NC(=S)S1)C1,-1.77,SOL_classification
930,939,O=C(O)CCI,-0.43,SOL_classification
931,940,O=N(=O)OCC(ON(=O)=O)CON(=O)=O,-2.22,SOL_classification
932,941,O=C(NC(=O)C)N,-0.9,SOL_classification
933,942,OCC(O)CO,1.12,SOL_classification
934,943,Ic1c(nc(c1I)I)I,-3.46,SOL_classification
935,944,O=C(NC(=O)C(=O)C1=O)N1,-1.25,SOL_classification
936,945,O=C(NC(=O)C(N(=O)=O)C1=O)N1,-2.28,SOL_classification
937,946,O=C1N=CN=CC1,0.59,SOL_classification
938,947,O=C(NC(=O)C1)C1,0.3,SOL_classification
939,948,N1C(=O)N=C(N)C=C1,-1.14,SOL_classification
940,949,O=C(NCC(=O)N1)C1,-0.83,SOL_classification
941,950,O=C(NC(NC(=O)N1)C1=O)N,-1.6,SOL_classification
942,951,ClCCS(=O)CCCl,-1.16,SOL_classification
943,952,ClCCS(=O)(=O)CCl,-1.5,SOL_classification
944,953,O=C(O)C(N)CC(=O)N,-0.74,SOL_classification
945,954,O(CC(O)C1)C1,1.05,SOL_classification
946,955,CCC(N)C(=O)O,0.31,SOL_classification
947,956,O=C(O)CC(N)C,1.08,SOL_classification
948,957,O=C(O)C(N)C(O)C,-0.09,SOL_classification
949,958,CCS(=O)(=O)CC,0.04,SOL_classification
950,959,C1(=O)NC(=O)NC(C(=O)O)=C1,-1.93,SOL_classification
951,960,N1C=Nc2ncnc2C1(=O),-2.29,SOL_classification
952,961,n(c(O)ccc1)c1,1.02,SOL_classification
953,962,n(cccc1O)c1,-0.46,SOL_classification
954,963,n1ccc(O)cc1,1.02,SOL_classification
955,964,n(c(c(ncn1)c1n2)N)c2,-2.12,SOL_classification
956,965,O=C(N(C(C1=O)(C)C)Cl)N1Cl,-2.6,SOL_classification
957,966,n(cc(c(n1)O)C)c1S,-2.45,SOL_classification
958,967,n(c(O)cc(n1)C)c1S,-2.43,SOL_classification
959,968,N1C(=O)NC(=O)C=C1C,-1.26,SOL_classification
960,969,CCC1NC(=O)NC1(=O),-0.06,SOL_classification
961,970,CC(=O)N=C1N(C)N=C(S(=O)(=O)N)S1,-1.83,SOL_classification
962,971,O=C(O)C(N)CCC(=O)N,-0.55,SOL_classification
963,972,N(CSC(N1C)=S)(C1)C,-2.13,SOL_classification
964,973,O(C(O)C(O)C(O)C1O)C1,0.39,SOL_classification
965,975,c1c(Cl)c(Cl)c2nsnc2c1Cl,-4.98,SOL_classification
966,977,c1cnc2cncnc2n1,0.02,SOL_classification
967,978,c1cnc2c(S)ncnc2n1,-2.36,SOL_classification
968,981,O=C(O)C=CC(N=CN1)=C1,-1.96,SOL_classification
969,982,CN1C(=O)NC(NC2=O)=C(N2)C1=O,-1.56,SOL_classification
970,983,O=S(=O)(N)c(cccc1)c1,-1.56,SOL_classification
971,984,O=N(=O)OC(C(OCC1ON(=O)=O)C1O2)C2,-2.63,SOL_classification
972,985,O=C(O)C(N)CC(N=CN1)=C1,-0.53,SOL_classification
973,986,C=CCS(=O)SCC=C,-0.83,SOL_classification
974,987,CN(C)NC(=O)CCC(O)=O,-0.2,SOL_classification
975,988,N(C(=S)SSC(N(C)C)=S)(C)C,-3.9,SOL_classification
976,989,OC1C(O)C(O)C(O)C(O)C1,-0.17,SOL_classification
977,990,OC1C(O)C(O)C(O)C(O)C1O,0.35,SOL_classification
978,991,NC(=O)OCCCCC,-1.47,SOL_classification
979,993,N1C(C)CNC(C)C1,0.49,SOL_classification
980,994,OCC(O)C(O)C(O)C(O)CO,1.09,SOL_classification
981,995,O=N(=O)c(c(c(c(c1Cl)Cl)Cl)Cl)c1Cl,-5.82,SOL_classification
982,996,Oc1c(Br)cc(C#N)cc1Br,-3.33,SOL_classification
983,997,O=C(O)c(c(O)c(cc1I)I)c1,-3.31,SOL_classification
984,998,O=C(O)c(cccc1I)c1,-3.27,SOL_classification
985,999,O=C(O)c(c(ccc1)I)c1,-2.73,SOL_classification
986,1000,c1cnc2c(C)ncnc2n1,-0.12,SOL_classification
987,1001,c1cnc2cnc(C)nc2n1,-0.47,SOL_classification
988,1002,c1c(C)nc2cncnc2n1,0.06,SOL_classification
989,1003,c1cnc2c(OC)ncnc2n1,-1.11,SOL_classification
990,1004,c1cnc2cnc(OC)nc2n1,-1.11,SOL_classification
991,1005,c1c(OC)nc2cncnc2n1,-0.91,SOL_classification
992,1006,c1cnc2c(SC)ncnc2n1,-1.76,SOL_classification
993,1007,c1cnc2cnc(SC)nc2n1,-2.36,SOL_classification
994,1008,c1c(SC)nc2cncnc2n1,-1.55,SOL_classification
995,1009,O=Cc(c(O)ccc1)c1,-0.86,SOL_classification
996,1010,O=C(O)c(cc(O)c(O)c1O)c1,-1.16,SOL_classification
997,1011,O=C(N)c(c(O)ccc1)c1,-1.76,SOL_classification
998,1012,c1ccccc1NC(=O)NN,-2.33,SOL_classification
999,1013,N1C(=S)NC(=O)C=C1CCC,-2.15,SOL_classification
1000,1014,c1cc(N)ccc1S(=O)(=O)NC(=N)N,-1.99,SOL_classification
1001,1015,O=C(CCCC1C)C1,-1.87,SOL_classification
1002,1016,C1CCCC(C)C1=O,-0.94,SOL_classification
1003,1017,NC(=O)OCCCCCC,-1.92,SOL_classification
1004,1018,Clc1c(Cl)c(Cl)c2nccnc2c1Cl,-5.43,SOL_classification
1005,1019,O=C(OC(=O)c1cccc2)c12,-1.39,SOL_classification
1006,1020,O=C(O)Cc(c(ccc1Cl)Cl)c1Cl,-3.08,SOL_classification
1007,1021,O=C(O)COc(c(cc(c1Cl)Cl)Cl)c1,-2.96,SOL_classification
1008,1022,OC(=O)c1ccccc1C(F)(F)F,-1.6,SOL_classification
1009,1023,O=C(O)COc(c(cc(c1)Cl)Cl)c1,-2.51,SOL_classification
1010,1024,OC(=O)COc1ccccc1Cl,-2.16,SOL_classification
1011,1025,O=C(O)COc(ccc(c1)Cl)c1,-2.29,SOL_classification
1012,1026,O=C(OC)c(c(c(N)cc1Cl)Cl)c1,-3.26,SOL_classification
1013,1027,C1CCCCC1OC(=O)C,-1.67,SOL_classification
1014,1028,O=C(OC)c(c(O)ccc1)c1,-2.34,SOL_classification
1015,1029,O=C(O)c(ccc(O)c1OC)c1,-2.05,SOL_classification
1016,1030,Oc(cc(c(c1C)Cl)C)c1,-2.8,SOL_classification
1017,1031,c1ccc(N)cc1C(=O)C,-1.28,SOL_classification
1018,1032,O=C(c(ccc(N)c1)c1)C,-1.61,SOL_classification
1019,1033,O=C(O)c(c(NC)ccc1)c1,-2.88,SOL_classification
1020,1034,Oc(c(c(cc1)C)C)c1,-1.43,SOL_classification
1021,1035,Oc(c(ccc1C)C)c1,-1.54,SOL_classification
1022,1036,Oc(c(ccc1)C)c1C,-1.31,SOL_classification
1023,1037,Oc(ccc(c1C)C)c1,-1.41,SOL_classification
1024,1038,c1ccccc1OCC,-2.33,SOL_classification
1025,1039,O=C(O)C(C(C(=O)O)C(O1)CC2)C12,-0.27,SOL_classification
1026,1040,O=C(N(CC=C)CC=C)C(Cl)Cl,-1.62,SOL_classification
1027,1041,O(C(OC(C1O)C(O)CO)C1O2)C2C(Cl)(Cl)Cl,-1.84,SOL_classification
1028,1042,OC(c(cccc1)c1)CN,-0.48,SOL_classification
1029,1043,NCCc1ccc(O)cc1,-1.12,SOL_classification
1030,1044,CCN(CC)C(=S)SCC(Cl)=C,-3.39,SOL_classification
1031,1045,CCCCC(=O)CC(=O)C,-1.56,SOL_classification
1032,1046,CC(=O)C(CCC)C(=O)C,-0.88,SOL_classification
1033,1047,CC(C)(C)C(=O)CC(=O)C,-1.63,SOL_classification
1034,1048,CC(C)CC(=O)CC(=O)C,-1.6,SOL_classification
1035,1049,N1CCCCC1CC(=O)C,-0.45,SOL_classification
1036,1050,O=C1NCCN1C(=O)NCC(C)C,-2.15,SOL_classification
1037,1051,CC1(C)CC(C)CC1,-4.48,SOL_classification
1038,1052,CC1CCC(C)CC1,-4.47,SOL_classification
1039,1053,C1C(C)C(C)CCC1,-4.27,SOL_classification
1040,1054,C1C(CCC)CCC1,-4.74,SOL_classification
1041,1055,C1C(C)C(C)CCC1,-4.33,SOL_classification
1042,1056,NC(=O)OCCCCCCC,-2.62,SOL_classification
1043,1057,CCCC(O)C(CC)CO,-0.54,SOL_classification
1044,1058,OC(=O)CN1C(=O)Sc2cccc(Cl)c12,-2.61,SOL_classification
1045,1059,CN2C(=O)ON(c1ccc(Cl)c(Cl)c1)C2=O,-2.82,SOL_classification
1046,1060,Cc1cccc2sc3nncn3c12,-2.07,SOL_classification
1047,1061,O=C(O)C(Oc(c(cc(c1)Cl)Cl)c1)C,-2.45,SOL_classification
1048,1062,c1ccccc1C(=C)C(=O)O,-2.06,SOL_classification
1049,1063,OC(=O)C(Oc1cc(Cl)ccc1)C,-2.22,SOL_classification
1050,1064,O=C(O)COc(c(cc(c1)Cl)C)c1,-2.23,SOL_classification
1051,1065,O=C(C(Cc1cc(c(c(c1)I)O)I)N)O,-2.86,SOL_classification
1052,1066,O=C(O)CCc(cccc1)c1,-1.41,SOL_classification
1053,1067,OCC(C(O)=O)c1ccccc1,-0.93,SOL_classification
1054,1068,O=C(OC)c(ccc(OC)c1)c1,-2.41,SOL_classification
1055,1069,O=C(c(ccc(N)c1)c1)CC,-2.63,SOL_classification
1056,1070,c1ccccc1NC(=O)CC,-1.92,SOL_classification
1057,1071,O=C(Oc(cccc1C)c1)NC,-1.8,SOL_classification
1058,1072,O=C(O)C(N)Cc(ccc(O)c1O)c1,-1.6,SOL_classification
1059,1073,CCOc1ccc(NC(N)=O)cc1,-2.17,SOL_classification
1060,1074,OC(=O)CC(C)(C(=O)O)C(C)(C)C(=O)O,-0.29,SOL_classification
1061,1075,C1C(N2C)CC(O)C(C(=O)O)C2C1,-0.02,SOL_classification
1062,1076,O=C(O)CCCCCCCC(=O)O,-1.89,SOL_classification
1063,1077,O=C(ON=C(C(C)(C)C)CSC)NC,-1.62,SOL_classification
1064,1078,O=C(O)CCCCCCCC,-2.75,SOL_classification
1065,1079,CCCCCCCCOC(=O)N,-3.3,SOL_classification
1066,1080,ClC1=C(Cl)C(Cl)(C2(Cl)Cl)C3CC=CC3C12Cl,-5.64,SOL_classification
1067,1082,O=C1C(Br)=C(N)C=NN1c2ccccc2,-3.12,SOL_classification
1068,1083,c1ccccc1N2C(=O)C(Cl)=C(N)C=N2,-2.87,SOL_classification
1069,1084,ClC(Cl)C(Cl)(Cl)SN2C(=O)C1CC=CCC1C2=O,-5.4,SOL_classification
1070,1085,c1ccc2c(O)cc(C)nc2c1,-1.2,SOL_classification
1071,1086,COC(=O)C(Cl)Cc1ccc(Cl)cc1,-3.77,SOL_classification
1072,1087,OC(=O)CCCOc1ccc(Cl)cc1Cl,-3.67,SOL_classification
1073,1088,O=S(=O)(Nc(nccc1)n1)c(ccc(N)c2)c2,-3.51,SOL_classification
1074,1089,c1cc(N)ccc1S(=O)(=O)Nc2cnccn2,-3.7,SOL_classification
1075,1090,COc1ccc2COC(=O)c2c1OC,-1.89,SOL_classification
1076,1091,OC(=O)c1c(C=O)ccc(OC)c1OC,-1.92,SOL_classification
1077,1092,O=C(O)C(Oc(c(cc(c1)Cl)C)c1)C,-2.55,SOL_classification
1078,1093,CC(=O)Nc1ccc(OC(C)=O)cc1,-1.91,SOL_classification
1079,1094,CNC(=O)ON=C1C(C2)C(C#N)CC2C1Cl,-2.08,SOL_classification
1080,1095,CCC2NC(=O)c1cc(c(Cl)cc1N2)S(N)(=O)=O,-3.29,SOL_classification
1081,1096,O=C(N(S(=O)(=O)Nc1cccc2)C(C)C)c12,-2.68,SOL_classification
1082,1097,OCC1OC(C(O)C1O)n2cnc3C(=O)NC=Nc23,-1.23,SOL_classification
1083,1098,Oc1cc2CCCCc2cc1,-1.99,SOL_classification
1084,1099,O(c(ccc(c1)C=CC)c1)C,-3.13,SOL_classification
1085,1100,c1cc(Cl)ccc1S(=O)(=O)NC(=O)NCCC,-3.03,SOL_classification
1086,1101,ClC(Cl)(Cl)C(NC=O)N1CCN(CC1)C(NC=O)C(Cl)(Cl)Cl,-4.19,SOL_classification
1087,1102,O=C(N(C(=O)C(N(C=N1)CC(O)CO)=C12)C)N2C,-0.17,SOL_classification
1088,1103,Oc(c(ccc1C(C)C)C)c1,-2.08,SOL_classification
1089,1104,Nc(c(ccc1)CC)c1CC,-2.35,SOL_classification
1090,1105,OCCN(c(cccc1)c1)CCO,-0.73,SOL_classification
1091,1106,O=C(C(C(C1C2)(C)C)(C2)C)C1,-1.99,SOL_classification
1092,1107,O=CC=C(CCC=C(C)C)C,-2.06,SOL_classification
1093,1108,O=C(C(CC1C2)(C2)C)C1(C)C,-1.85,SOL_classification
1094,1109,O=C1C(C)CCC(C(C)=C)C1,-2.18,SOL_classification
1095,1110,O=C(O)C(C(C(C(=O)O)C1)(C)C)(C1)C,-1.42,SOL_classification
1096,1111,OC(C(C(C1C2)(C)C)(C2)C)C1,-2.32,SOL_classification
1097,1112,O(C(CCC1C2)(C2)C)C1(C)C,-1.64,SOL_classification
1098,1113,O=C(C(CCC1C)C(C)C)C1,-2.49,SOL_classification
1099,1114,OC(C=C)(CCC=C(C)C)C,-1.99,SOL_classification
1100,1115,OC(C(CCC1C)C(C)C)C1,-2.53,SOL_classification
1101,1116,c1cc2C(=O)C=C(C)C(=O)c2cc1,-3.03,SOL_classification
1102,1117,c1ccc2C(O)N3CCC(O)C3=Nc2c1,-2.07,SOL_classification
1103,1118,n(c(c(c(c1)C)ccc2)c2)c1C,-1.94,SOL_classification
1104,1119,n(c(c(ccc1C)cc2)c1)c2C,-1.94,SOL_classification
1105,1120,O=S(=O)(Nc(nccc1)c1)c(ccc(N)c2)c2,-2.7,SOL_classification
1106,1121,O=S(=O)(Nc(nccc1C)n1)c(ccc(N)c2)c2,-2.85,SOL_classification
1107,1122,Cc1cc(C)c(NC(=O)C)cc1NS(=O)(=O)C(F)(F)F,-3.24,SOL_classification
1108,1123,CCN(CC)c1c(cc(c(N)c1N(=O)=O)C(F)(F)F)N(=O)=O,-5.47,SOL_classification
1109,1124,O=C1N(c2ccccc2)N(C)C(C)=C1N,-0.62,SOL_classification
1110,1125,c1cc(N)ccc1S(=O)(=O)Nc2nc(C)c(C)o2,-2.44,SOL_classification
1111,1126,O=S(=O)(Nc(onc1C)c1C)c(ccc(N)c2)c2,-2.91,SOL_classification
1112,1127,C1=CC(=O)N2CC(C3)CNCC3C2=C1,0.36,SOL_classification
1113,1128,C1=CC(C2)C(C(=O)OC)C(C(=O)OC)C12,-1.2,SOL_classification
1114,1129,CCSCc1ccccc1OC(=O)NC,-2.09,SOL_classification
1115,1130,CNC(=O)Oc1cccc(N=CN(C)C)c1,-2.34,SOL_classification
1116,1131,CCOP(=S)(OCC)SCSc1ccc(Cl)cc1,-5.74,SOL_classification
1117,1132,CNC(=O)Oc1ccc(N(C)C)c(C)c1,-2.36,SOL_classification
1118,1133,c1ccccc1S(=O)(=O)NC(=O)NCCCC,-3.05,SOL_classification
1119,1134,C1C(C)(C)CC(=O)C=C1OC(=O)N(C)C,-0.85,SOL_classification
1120,1135,CCOP(=S)(OCC)Oc1ccc(cc1)S(C)=O,-2.3,SOL_classification
1121,1136,CN(C)C(=O)Oc1nc(nc(C)c1C)N(C)C,-1.95,SOL_classification
1122,1137,Cc1c(CCCC)c(O)nc(N(C)C)n1,-2.24,SOL_classification
1123,1138,CCCCc1c(C)nc(NCC)nc1O,-3.02,SOL_classification
1124,1139,CCSC(=O)N(CC)C1CCCCC1,-3.4,SOL_classification
1125,1140,O=C(OC)CCCCCCCCC,-4.63,SOL_classification
1126,1141,O=C(N(CC(C)C)CC(C)C)SCC,-3.68,SOL_classification
1127,1142,O=C(O)CCCCCCCCCCN,-2.7,SOL_classification
1128,1143,c1ccc2C(=O)C(Cl)=C(NC(=O)C(Cl)Cl)C(=O)c2c1,-5.03,SOL_classification
1129,1144,O(c(c(O)cc(c1)Cl)c1)c(c(cc(c2)Cl)Cl)c2,-4.46,SOL_classification
1130,1145,O=C1C=Cc2cc3ccoc3c(OC)c2O1,-3.66,SOL_classification
1131,1146,c1c(C(F)(F)F)cccc1N2C(=O)C(Cl)=C(NC)C=N2,-4.04,SOL_classification
1132,1147,O=NN(c(cccc1)c1)c(cccc2)c2,-3.75,SOL_classification
1133,1148,O=C1C=CC(c2cc(ccc2O)O)(C=C1)O,-1.73,SOL_classification
1134,1149,Cc1occc1C(=O)Nc2ccccc2,-3.3,SOL_classification
1135,1150,O=S(=O)(c(ccc(N)c1)c1)c(ccc(N)c2)c2,-2.82,SOL_classification
1136,1151,CC(C#C)N(C)C(=O)Nc1ccc(Cl)cc1,-3.9,SOL_classification
1137,1152,c1cc(N)ccc1S(=O)(=O)Nc2nc(C)nc(C)c2,-2.24,SOL_classification
1138,1153,c1ccc2c(CC(CC)N)cn(H)c2c1,-2.57,SOL_classification
1139,1154,CCNC(=O)C(C)OC(=O)Nc1ccccc1,-1.83,SOL_classification
1140,1155,c1cc(N)ccc1S(=O)(=O)Nc2nnc(C(C)(C)C)s2,-3.74,SOL_classification
1141,1156,O=C(OCCC(C)C)c(c(O)ccc1)c1,-3.16,SOL_classification
1142,1157,O=C(NCCCC)NS(=O)(=O)c(ccc(c1)C)c1,-3.39,SOL_classification
1143,1158,Oc(c(ccc1O)CCCCCC)c1,-2.59,SOL_classification
1144,1159,N(CCCC)(CCCC)CCCC,-3.12,SOL_classification
1145,1160,Clc1cc(N(=O)(=O))ccc1NC(=O)c2cc(Cl)ccc2O,-4.7,SOL_classification
1146,1161,OC(=O)c1cccnc1Nc2cc(C(F)(F)F)ccc2,-4.17,SOL_classification
1147,1162,c1ccc2c(c1)cnc3ccccc23,-2.78,SOL_classification
1148,1163,Ic1ccccc1C(=O)Nc2ccccc2,-4.21,SOL_classification
1149,1164,O=C(Nc(cccc1)c1)Nc(cccc2)c2,-3.15,SOL_classification
1150,1165,CC1=C(CCCO1)C(=O)Nc2ccccc2,-2.56,SOL_classification
1151,1166,CN(C)C(=O)Oc1cc(C)nn1c2ccccc2,-2.09,SOL_classification
1152,1167,c1cc(N)ccc1S(=O)(=O)N(C(=O)C)c2onc(C)c2C,-3.59,SOL_classification
1153,1168,CCCCN(CC)c1c(cc(cc1N(=O)=O)C(F)(F)F)N(=O)=O,-5.53,SOL_classification
1154,1169,CC(=O)Oc1c(N(=O)(=O))c(C)c(N(=O)(=O))cc1C(C)(C)C,-4.47,SOL_classification
1155,1170,CCOC2Oc1ccc(OS(C)(=O)=O)cc1C2(C)C,-3.42,SOL_classification
1156,1171,c1cc(CC(C)C)ccc1C(C)C(=O)NO,-3.04,SOL_classification
1157,1172,c1c(CO)c(O)ccc1C(O)CNC(C)(C)C,-1.22,SOL_classification
1158,1173,CCCCc1c(C)nc(NCC)nc1OS(=O)(=O)N(C)C,-4.16,SOL_classification
1159,1174,O=C(OC)CCCCCCCCCCC,-4.69,SOL_classification
1160,1175,ClC(=C(c1ccccc1Cl)c2ccc(cc2)Cl)Cl,-6.36,SOL_classification
1161,1176,O=C(c(c(C(=O)c1c(O)c(O)cc2)ccc3)c3)c12,-2.78,SOL_classification
1162,1177,O=C(NC(=O)c(c(F)ccc1)c1F)Nc(ccc(c2)Cl)c2,-6.02,SOL_classification
1163,1178,Clc1ccc(cc1)C(c2ccccc2Cl)C(Cl)(Cl)Cl,-6.62,SOL_classification
1164,1179,c1ccc2C(=O)N=C(c3ccccc3)Oc2c1,-4.61,SOL_classification
1165,1180,ClC(Cl)C(c1ccc(Cl)cc1)c2ccccc2Cl,-6.51,SOL_classification
1166,1181,OC(=O)c1ccccc1Nc2cc(C(F)(F)F)ccc2,-4.36,SOL_classification
1167,1182,c1ccc2cc3ccccc3c(O)c2c1,-4.73,SOL_classification
1168,1183,O=C(O)c(c(c(c(ccc1)C(=O)O)c1)ccc2)c2,-2.28,SOL_classification
1169,1184,Oc1ccc2Oc3cc(OC)cc(O)c3C(=O)c2c1,-2.93,SOL_classification
1170,1185,c1ccccc1C(=O)NC(=O)c2ccccc2,-2.27,SOL_classification
1171,1186,Cc1cc(ccc1NS(=O)(=O)C(F)(F)F)S(=O)(=O)c2ccccc2,-3.8,SOL_classification
1172,1187,N(c(c(S1)cc(c2)C)c2)=C1c(ccc(N)c3)c3,-3.68,SOL_classification
1173,1188,c1ccccc1C(=O)Oc2ccccc2,-2.85,SOL_classification
1174,1189,CC1=CC(=O)c2c(OC)c3ccoc3c(OC)c2O1,-2.4,SOL_classification
1175,1190,n(c(c(c(c1)C)ccc2c(ccn3)C)c23)c1,-3.97,SOL_classification
1176,1191,OC(c(cccc1)c1)Cc(cccc2)c2,-2.52,SOL_classification
1177,1192,c1ccccc1C(O)C(O)c2ccccc2,-1.93,SOL_classification
1178,1193,O=C(C(C(=O)c(c1ccc2)c2)C1=O)C(C)(C)C,-4.11,SOL_classification
1179,1194,S=P(OCC)(OCC)Oc1ccc2C(C)=C(Cl)C(=O)Oc2c1,-5.38,SOL_classification
1180,1195,c1ccc2C(=O)N(C(CCl)SP(=S)(OCC)OCC)C(=O)c2c1,-6.34,SOL_classification
1181,1196,O=C1NC(=O)NC(=O)C1(CC)C2=CC(C3)CCC3C2,-2.64,SOL_classification
1182,1197,COc2ccc(CC1NCC(O)C1OC(C)=O)cc2,-1.61,SOL_classification
1183,1198,CN(C)CCN(Cc1cccs1)c2ccccn2,-2.64,SOL_classification
1184,1199,CC1CCCCC1NC(=O)Nc2ccccc2,-4.11,SOL_classification
1185,1200,CN(C)C(=O)Nc1cccc(OC(=O)NC(C)(C)C)c1,-2.93,SOL_classification
1186,1201,CC(C)OP(=S)(OC(C)C)SCCNS(=O)(=O)c1ccccc1,-4.2,SOL_classification
1187,1202,C(O)CCCCCCCCCCCCC,-6.05,SOL_classification
1188,1203,Oc1cc(O)c2C(=O)C(O)=C(c3ccc(O)cc3O)Oc2c1,-3.08,SOL_classification
1189,1204,c1ccc2c3ccc(Cl)cc3C(O)(C(=O)O)c2c1,-4.18,SOL_classification
1190,1205,NC(Cc2cc(I)c(Oc1ccc(O)c(I)c1)c(I)c2)C(O)=O,-5.22,SOL_classification
1191,1206,c1ccc2Sc3ccc(CC(=O)O)cc3N(C)c2c1,-3.94,SOL_classification
1192,1207,CN2C(=C(O)c1ccccc1S2(=O)=O)C(=O)Nc3ccccn3,-4.16,SOL_classification
1193,1208,NS(=O)(=O)c3cc2c(NC(Cc1ccccc1)NS2(=O)=O)cc3C(F)(F)F,-3.59,SOL_classification
1194,1209,c1c(S(=O)(=O)N)c(Cl)cc(O)c1C(=O)Nc2c(C)cccc2C,-3.79,SOL_classification
1195,1210,OC(=O)c1ccccc1Nc2c(C)c(C)ccc2,-3.78,SOL_classification
1196,1211,COc1ccc(cc1)C(O)(C2CC2)c3cncnc3,-2.6,SOL_classification
1197,1212,COc1ccc2C=CC(=O)Oc2c1CC=C(C)C,-4.31,SOL_classification
1198,1213,CC(C)Oc1cc(c(Cl)cc1Cl)N2N=C(OC2=O)C(C)(C)C,-5.69,SOL_classification
1199,1214,O=C(OC(C(C(C=CC1=O)(CC2)C)=C1C)C23)C3C,-3.09,SOL_classification
1200,1215,O=C(NC(CCCC1)C1)NS(=O)(=O)c(ccc(c2)C(=O)C)c2,-2.06,SOL_classification
1201,1216,CCOC(=O)C1(CCN(C)CC1)c2ccccc2,-1.89,SOL_classification
1202,1217,COCC(=O)N(C(C)C(=O)OC)c1c(C)cccc1C,-1.6,SOL_classification
1203,1218,CCc1cccc(C)c1N(C(C)COC)C(=O)CCl,-2.73,SOL_classification
1204,1219,O=C(Nc(c(ccc1)C)c1C)C(N(CCC2)C)C2,-1.55,SOL_classification
1205,1220,c1cc(OCC)ccc1C(=O)OCCN(CC)CC,-2.71,SOL_classification
1206,1221,C1CCN2CC(C3)C4CCCCN4CC3C2C1,-1.89,SOL_classification
1207,1222,O=C(O)CCCCCCCCCCCCCC,-4.31,SOL_classification
1208,1223,O=C1C=C2CC3(O)COc4c(O)c(O)ccc4C3=C2C=C1O,-2.7,SOL_classification
1209,1224,CC2Nc1cc(Cl)c(cc1C(=O)N2c3ccccc3C)S(N)(=O)=O,-3.78,SOL_classification
1210,1225,COc2ccc(Oc1ccc(NC(=O)N(C)C)cc1)cc2,-4.16,SOL_classification
1211,1226,c1c(C(C)(C)C)cc(C(C)(C)C)cc1OC(=O)NC,-4.24,SOL_classification
1212,1227,OCCCCCCCCCCCCCCCC,-7.26,SOL_classification
1213,1228,n(cc(C(O)(c(ccc(c1)Cl)c1)c(c(ccc2)Cl)c2)cn3)c3,-4.38,SOL_classification
1214,1229,C(O)(c1ccc(Br)cc1)(c2ccc(Br)cc2)C(=O)OC(C)C,-4.93,SOL_classification
1215,1230,CC(C)OC(=O)C(O)(c1ccc(Cl)cc1)c2ccc(Cl)cc2,-4.53,SOL_classification
1216,1231,CN(C)CCCN2c1ccccc1Sc3ccc(C(F)(F)F)cc23,-5.3,SOL_classification
1217,1232,O=C(N(CCCC1)C1)C=CC=Cc(ccc(OCO2)c23)c3,-3.46,SOL_classification
1218,1233,N1CCN=C1CN(c2ccccc2)Cc3ccccc3,-2.6,SOL_classification
1219,1234,CCN(CC)C(=O)C(C)Oc1cccc2ccccc12,-3.57,SOL_classification
1220,1235,CN1C2CC(CC1C3OC23)OC(=O)C(CO)c4ccccc4,-0.48,SOL_classification
1221,1236,O=C(OC(CC(N(C1C2)C)C2)C1)C(c(cccc3)c3)CO,-1.91,SOL_classification
1222,1237,CCCCOCN(C(=O)CCl)c1c(CC)cccc1CC,-4.19,SOL_classification
1223,1237,c1cc(O)ccc1C(C=C)C(C=C)c2ccc(O)cc2,-4.95,SOL_classification
1224,1238,c1c(O)cc2ccc3C4CCC(=O)C4(C)CCc3c2c1,-5.24,SOL_classification
1225,1239,c1c(O)cc2CC=C3C4CCC(=O)C4(C)CCC3c2c1,-5.28,SOL_classification
1226,1240,c1c(OC)c(O)c2C3(C4)CC(=O)C=CC3C(N(C)C4)Cc2c1,-1.87,SOL_classification
1227,1241,CNCCCN2c1ccccc1CCc3ccccc23,-3.66,SOL_classification
1228,1242,c1cc(O)ccc1C(CC)C(CC)c2ccc(O)cc2,-4.43,SOL_classification
1229,1243,c1c(O)cc2CCC3C4CCC(O)C4(C)CCC3c2c1,-4.84,SOL_classification
1230,1244,O[Sn](C1CCCCC1)(C2CCCCC2)C3CCCCC3,-5.59,SOL_classification
1231,1245,O=C(O)CCCCCCCCCCCCCCCCC,-5.68,SOL_classification
1232,1246,c1ccc2C(O)=C(C(c3ccccc3)CC(=O)C)C(=O)Oc2c1,-3.89,SOL_classification
1233,1248,CC(=O)CCC1C(=O)N(c2ccccc2)N(c3ccccc3)C1=O,-3.27,SOL_classification
1234,1249,OC(c(c(c(nc1)ccc2)c2)c1)C(N(CCC3C4C=C)C4)C3,-3.07,SOL_classification
1235,1251,c1ccc2Sc3ccccc3N(CC4CN(C)CCC4)c2c1,-4.74,SOL_classification
1236,1252,CN(C=Nc1ccc(C)cc1C)C=Nc2ccc(C)cc2C,-5.47,SOL_classification
1237,1253,c12ccccc1nccc2C(O)C3N(C4)CCC(C4CC)C3,-2.63,SOL_classification
1238,1254,c1ccc2Sc3ccc(OC)cc3N(CC(C)CN(C)C)c2c1,-4.22,SOL_classification
1239,1255,C1C(=O)C=C2CCC3C4CCC(=O)C4(C)CC(=O)C3C2(C)C1,-3.48,SOL_classification
1240,1256,C1C(O)CC2=CCC3C4CCC(=O)C4(C)CCC3C2(C)C1,-4.12,SOL_classification
1241,1257,O=C1C2(C(C3CCC4C(C3CC2)(C)CCCC4)CC1)C,-6.7,SOL_classification
1242,1258,C1(S5)C5CC2CCC3C4CCC(O)C4(C)CCC3C2(C)C1,-5.41,SOL_classification
1243,1259,C1C(O)CC2CCC3C4CCC(=O)C4(C)CCC3C2(C)C1,-4.4,SOL_classification
1244,1261,C1C(O)CC2CCC3C4CCC(=O)C4(C)CC(O)C3C2(C)C1,-3.59,SOL_classification
1245,1262,COC(C)(C)CCCC(C)CC=CC(C)=CC(=O)OC(C)C,-5.19,SOL_classification
1246,1263,CN(C)CCC=C2c1ccccc1CCc3ccccc23,-4.46,SOL_classification
1247,1265,O(c(ccc(nccc1C(O)C(N(CCC2C3C=C)C3)C2)c14)c4)C,-3.37,SOL_classification
1248,1267,OC(C#C)(C(C(C(C(c(c(cc(O)c1)C2)c1)C3)C2)C4)(C3)C)C4,-4.3,SOL_classification
1249,1268,c1ccc2N(C)C3C4CC5C(CC)C(O)N4C(C56)CC3(C6O)c2c1,-2.82,SOL_classification
1250,1269,N#CC(c2ccccc2)OC3(C(C(O)(H)C(C(O3)(COC1(C(C(O)(H)C(C(O1)(CO)H)(O)H)(O)H)H)H)(O)H)(O)H)H,-0.77,SOL_classification
1251,1270,O=C(O)C(C(C(C(C(=C1)C=C(C2)C(C)C)C2)(CC3)C)C1)(C3)C,-3.8,SOL_classification
1252,1271,c1c(OC)cc2c(CC(=O)O)c(C)n(C(=O)C=Cc3ccccc3)c2c1,-5.54,SOL_classification
1253,1272,CC1(C)C(C=C(Cl)Cl)C1C(=O)OCc3cccc(Oc2ccccc2)c3,-6.29,SOL_classification
1254,1273,c1cc(O)c2C(=O)C3=C(O)C4(O)C(=O)C(C(=O)N)=C(O)C(N(C)C)C4CC3C(O)c2c1Cl,-2.52,SOL_classification
1255,1274,c1ccc2Sc3ccc(C(#N))cc3N(CCCN4CCC(O)CC4)c2c1,-3.98,SOL_classification
1256,1275,C1C(=O)C=C2CCC3C4CCC(O)(C#C)C4(C)CCC3C2(C)C1,-5.66,SOL_classification
1257,1276,C1C(=O)C=C2CCC3C4CCC(C(=O)CO)C4(C5O)CC(O5)C3C2(C)C1,-3.85,SOL_classification
1258,1277,C1C(OC(=O)C)CC2=CCC3C4CCC(=O)C4(C)CCC3C2(C)C1,-4.46,SOL_classification
1259,1278,CC(=O)OCC(=O)C3(O)CCC4C2CCC1=CC(=O)CCC1(C)C2C(=O)CC34C,-4.0,SOL_classification
1260,1279,C1C(O)CC2=CCC3C4CCC(C(=O)C)C4(C)CCC3C2(C)C1,-4.65,SOL_classification
1261,1280,c1ccc2OC(=O)C(C(C(=O)OCC)C3=C(O)c4ccccc4OC3=O)=C(O)c2c1,-3.66,SOL_classification
1262,1281,O=C(N)C(=C(O)C(N(C)C)C(C1(O)C(O)=C(C2C(O)(c(c3c(O)cc4)c4Cl)C)C3=O)C2)C1=O,-2.88,SOL_classification
1263,1282,COc2ccc1C(OC(=O)c1c2OC)C4N(C)CCc5cc3OCOc3c(OC)c45,-3.14,SOL_classification
1264,1283,CC3C2C(O)C1C(N(C)C)C(=C(C(N)=O)C(=O)C1(O)C(=C2C(=O)c4c(O)cccc34)O)O,-2.87,SOL_classification
1265,1284,O=C(OC(C(C(C(C(C(C(=CC(=O)C1)C2)(C1)C)C3)C2)C4)(C3)C)C4)CC,-5.37,SOL_classification
1266,1285,NCCC(O)C(=O)NC2CC(N)C(OC1OC(CN)C(O)C(O)C1O)C(O)C2OC3OC(CO)C(O)C(N)C3O,-0.5,SOL_classification
1267,1286,COc5cc4OCC3Oc2c1CC(Oc1ccc2C(=O)C3c4cc5OC)C(C)=C,-4.42,SOL_classification
1268,1287,CC(C)=CC3C(C(=O)OCc2cccc(Oc1ccccc1)c2)C3(C)C,-5.24,SOL_classification
1269,1288,O=C1C=C2C(Cl)=CC3C4CCC(C(=O)C)(OC(=O)C)C4(C)CCC3C2(C)C=C1,-4.95,SOL_classification
1270,1289,CC(=O)OCCN4CCN(CCCN2c1ccccc1Sc3ccc(Cl)cc23)CC4,-4.7,SOL_classification
1271,1290,c1c(Cl)ccc(OC)c1C(=O)NCCc2ccc(S(=O)(=O)NC(=O)NC3CCCCC3)cc2,-5.09,SOL_classification
1272,1291,O=C1C=C2CCC3C4CCC(O)(C(=O)COC(=O)C(C)(C)C)C4(C)CC(O)C3C2(C)C=C1,-4.58,SOL_classification
1273,1292,O=C(NCC(=O)O)CCC(C(C(C(C(C(C(C(C1)CC(O)C2)(C2)C)C3)C1O)C4)(C3O)C)C4)C,-5.15,SOL_classification
1274,1293,c12C(=O)C3=C(O)C4(O)C(=O)C=C(O)C(N(C)C)C4CC3C(O)(C)c1cccc2,-1.42,SOL_classification
1275,1294,C1C(=O)C=C2CCC3C4CCC(O)(C(=O)COC(=O)CC(C)(C)C)C4(C)CC(O)C3C2(C)C1,-5.51,SOL_classification
1276,1295,C1C(O)CC2=CCC3C4CC5OC6(OCC(C)CC6)C(C)C5C4(C)CCC3C2(C)C1,-7.32,SOL_classification
1277,1296,O1C(C)C(O)C(N)C(O)C1OC2C=CC=CC=CC=CCC(C)OC(=O)C=CC(O3)C3CC(O)CC4(O)OC(C(C(=O)O)C(O)C4)C2,-3.21,SOL_classification
